Site_id,Asset ID,Asset No,Device ID,Status,Category,Type,Condition,Make,Model,Serial,Refrigerant,Refrigerant Capacity,Refrigerant Consumption,Level,Area,Owner,DA19 Life Expectancy,Service Status,Date of Installation,Age,Last Test Date,Last Test Result,Purchase Cost (AUD),Current Book Value (AUD),Weight (KG's)
68d3dc07d910b6e73ca387b9,7889,Boiler 1,3001050,Active,Boiler System,Boiler - Gas Fired,Good,Bosh,Uni 7000 700kW CIS,N/A,R718 - Water,N/A,,Lvl 20,Level 20 plant room,Landlord,20-25 Yrs,Contracted,2/16/19,6 Years,4/4/25,Pass,3371,2360,23
68d3dc07d910b6e73ca387b9,7890,Boiler 2,3001050,Active,Boiler System,Boiler - Gas Fired,Good,Bosh,Uni 7000 700kW CIS,N/A,R718 - Water,N/A,,Lvl 20,Level 20 plant room,Landlord,20-25 Yrs,Contracted,2/16/19,6 Years,4/4/25,Pass,7268,5088,24
68d3dc07d910b6e73ca387b9,7891,CHWP 01,3002060,Active,Chiller System,Pump - Chilled Water,Average,Masterflow,BB80-32,A32-24222-2-C3,R718 - Water,N/A,0.0,Lvl 19,Level 19 plant room,Landlord,TBC,Contracted,2/28/19,6 Years,4/4/25,Pass,9258,6481,25
68d3dc07d910b6e73ca387b9,7892,CHWP 02,3002060,Active,Chiller System,Pump - Chilled Water,Average,Masterflow,BB80-32,A32-24222-2-C2,R718 - Water,N/A,0.0,Lvl 19,Level 19 plant room,Landlord,20-25 Yrs,Contracted,2/28/19,6 Years,4/4/25,Pass,9619,6733,26
68d3dc07d910b6e73ca387b9,7893,CWP 01,,Active,Air Con,Pump - Condenser Water,Average,Barkerflow,BB80-32,A32242222c3,R718 - Water,N/A,0.0,Lvl 19,Level 19 plant room,Landlord,TBC,Contracted,4/25/18,7 Years,4/4/25,Pass,3742,2619,27
68d3dc07d910b6e73ca387b9,7894,CWP 02,,Active,Chiller System,Pump - Chilled Water,Average,Bakerflow,BB80-32,A32242222c2,R718 - Water,N/A,0.0,Lvl 19,Level 19 plant room,Landlord,TBC,Contracted,4/25/18,7 Years,4/4/25,Pass,2306,1614,28
68d3dc07d910b6e73ca387b9,7897,AHU 01 (East Internal),3001001,Active,AHU,Air Handling Unit,Poor,Chicago,CWO,N/A,R718 - Water,N/A,0.0,Lvl 19,Eastern internals,Landlord,20-25 Yrs,Contracted,1/1/71,54 Years,4/4/25,Pass,1712,1198,29
68d3dc07d910b6e73ca387b9,7898,AHU 02 (East Perimeter),3001002,Active,AHU,Air Handling Unit,Poor,Chicago,CWO,N/A,R718 - Water,N/A,0.0,Lvl 19,Eastern Perimeter,Landlord,20-25 Yrs,Contracted,1/1/71,54 Years,4/4/25,Pass,3878,2715,30
68d3dc07d910b6e73ca387b9,7899,AHU 03 (West Internal),3001003,Active,AHU,Air Handling Unit,Poor,Chicago,CWO,N/A,R718 - Water,N/A,0.0,Lvl 19,Western internal,Landlord,20-25 Yrs,Contracted,1/1/71,54 Years,4/4/25,Pass,4126,2888,31
68d3dc07d910b6e73ca387b9,7900,AHU 04 (West Perimeter),3001004,Active,AHU,Air Handling Unit,Poor,Chicago,CWO,N/A,R718 - Water,N/A,0.0,Lvl 19,Western perimeter,Landlord,20-25 Yrs,Contracted,1/1/71,54 Years,4/4/25,Pass,5579,3905,32
68d3dc07d910b6e73ca387b9,7901,AHU 05 (FCU 19),,Active,AHU,Air Handling Unit,Poor,Chicago,CWO,N/A,R718 - Water,N/A,0.0,Lvl 19,Level 19 back corner of west supply air riser,Landlord,20-25 Yrs,Contracted,1/1/89,36 Years,4/4/25,Pass,9731,6812,33
68d3dc07d910b6e73ca387b9,7902,RAF 01 - East,,Active,Ventilation,Relief/Return Air Fan,Average,Hall thermotank,84,33888,N/A,N/A,0.0,Lvl 20,Level 20 behind bms room,Landlord,TBC,Contracted,1/1/92,33 Years,4/4/25,Pass,7664,5365,34
68d3dc07d910b6e73ca387b9,7903,RAF 02 - East,,Active,Ventilation,Relief/Return Air Fan,Average,Hall thermotank/ TECO,84/ASHBUC-DCC,33886/E6173434002,N/A,N/A,0.0,Lvl 20,Level 20 behind bms room,Landlord,TBC,Contracted,1/1/92,33 Years,4/4/25,Pass,8260,5782,35
68d3dc07d910b6e73ca387b9,7904,RAF 03 - West,,Active,Ventilation,Relief/Return Air Fan,Average,Hall thermotank,84,33887,N/A,N/A,0.0,Lvl 20,Level 20 through fire pump room,Landlord,TBC,Contracted,1/1/92,33 Years,4/4/25,Pass,7257,5080,36
68d3dc07d910b6e73ca387b9,7905,RAF 04 - West,,Active,Ventilation,Relief/Return Air Fan,Average,Hall thermotank,84,33885,N/A,N/A,0.0,Lvl 20,Level 20 through fire pump room,Landlord,TBC,Contracted,1/1/92,33 Years,4/4/25,Pass,4881,3417,37
68d3dc07d910b6e73ca387b9,7906,CHWP 03,,Active,Chiller System,Pump - Chilled Water,Average,Masterflow,BB80-32,A32-24222-2-C1,R718 - Water,N/A,0.0,Lvl 19,Level 19 plant room,Landlord,TBC,Contracted,2/28/19,6 Years,4/4/25,Pass,5402,3781,38
68d3dc07d910b6e73ca387b9,7907,CWP 03,,Active,Air Con,Pump - Condenser Water,Poor,Bakerflow,BB80-32,A32242222c1,R718 - Water,N/A,0.0,Lvl 19,Level 19 plant room,Landlord,20-25 Yrs,Contracted,4/25/18,7 Years,4/4/25,Pass,2632,1842,39
68d3dc07d910b6e73ca387b9,7908,CWP 04,,Active,Air Con,Pump - Condenser Water,Average,Grundfos,1047930247,N/A,R718 - Water,N/A,0.0,Lvl 19,Level 19 plant room,Landlord,TBC,Contracted,4/25/18,7 Years,4/4/25,Pass,5609,3926,40
68d3dc07d910b6e73ca387b9,7909,CWP 05,,Active,Air Con,Pump - Condenser Water,Poor,Grundfos,B99401707p119380001,N/A,R718 - Water,N/A,0.0,Lvl 19,Level 19 plant,Landlord,20-25 Yrs,Contracted,4/25/18,7 Years,4/4/25,Pass,2007,1405,41
68d3dc07d910b6e73ca387b9,7910,CWP 06,,Active,Air Con,Pump - Condenser Water,Poor,Grundfos,1047930243,N/A,N/A,N/A,0.0,Lvl 19,Level 19 plant room,Landlord,20-25 Yrs,Contracted,4/25/18,7 Years,4/4/25,Pass,4037,2826,42
68d3dc07d910b6e73ca387b9,7911,FCU 01,3001035,Active,Air Con,Fan Coil Unit,Average,Temperzone,IMD135-4/E,101085,R718 - Water,N/A,0.0,Lvl 01,Level 1 front building roof space,Landlord,15-20 Yrs,Contracted,1/1/17,8 Years,4/4/25,Pass,8067,5647,43
68d3dc07d910b6e73ca387b9,7912,FCU 02,3001036,Active,Air Con,Fan Coil Unit,Poor,Temperzone,IMD210-4/E,101087,R718 - Water,N/A,0.0,Lvl 01,Front building,Landlord,10-15 Yrs,Contracted,1/1/17,8 Years,4/4/25,Pass,3267,2287,44
68d3dc07d910b6e73ca387b9,7913,FCU 03,3001037,Active,Air Con,Fan Coil Unit,Average,Temperzone,IMD210-4/E,101086,R718 - Water,N/A,0.0,Lvl 01,Front build roof space,Landlord,7-10 Yrs,Contracted,1/1/17,8 Years,4/4/25,Pass,9028,6320,45
68d3dc07d910b6e73ca387b9,7914,FCU 04,3001038,Active,Air Con,Fan Coil Unit,Average,Temperzone,IMD135-4/E,101086,R718 - Water,N/A,0.0,Lvl 01,Front building roof space,Landlord,15-20 Yrs,Contracted,1/1/17,8 Years,4/4/25,Pass,2158,1511,46
68d3dc07d910b6e73ca387b9,7915,FCU 05,,Active,Air Con,Fan Coil Unit,Poor,Temperzone,IMD210-4/E,N/A,HFC-R410A,N/A,0.0,GF,Ground  floor,Landlord,15-20 Yrs,Contracted,1/1/92,33 Years,4/4/25,Pass,7582,5307,47
68d3dc07d910b6e73ca387b9,7916,TEF 01,,Active,Ventilation,Toilet Exhaust Fan,Poor,Chicago,40 1/4 B,71005,N/A,N/A,0.0,Lvl 19,Level 19,Landlord,7-10 Yrs,Contracted,1/1/89,36 Years,4/4/25,Pass,5881,4117,48
68d3dc07d910b6e73ca387b9,7917,TEF 02,,Active,Ventilation,Toilet Exhaust Fan,Average,Chicago,40 1/4 B,71004,N/A,N/A,0.0,Lvl 19,Toilet Exhaust fan,Landlord,TBC,Contracted,1/1/89,36 Years,4/4/25,Pass,9153,6407,49
68d3dc07d910b6e73ca387b9,7918,TEF 03,,Active,Ventilation,Toilet Exhaust Fan,Poor,Not visible,NA,N/A,N/A,N/A,0.0,Roof,Roof top,Landlord,15-20 Yrs,Contracted,1/1/92,33 Years,4/4/25,Pass,7834,5484,50
68d3dc07d910b6e73ca387b9,7919,SPF 01,,Active,Ventilation,Stairwell Pressurisation Fan,Average,N/A,N/A,N/A,N/A,N/A,0.0,Lvl 04,Level 4 behind stairwell,Landlord,TBC,Contracted,1/1/92,33 Years,4/4/25,Pass,2928,2050,51
68d3dc07d910b6e73ca387b9,7920,SPF 02,,Active,Ventilation,Stairwell Pressurisation Fan,Poor,Not avail,Na,N/A,N/A,N/A,0.0,Lvl 04,Behind stairwell level 4,Landlord,8-12 Yrs,Contracted,1/1/92,33 Years,4/4/25,Pass,5475,3833,52
68d3dc07d910b6e73ca387b9,7921,SPF 03,,Active,Ventilation,Stairwell Pressurisation Fan,Average,Not avail,Na,N/A,N/A,N/A,0.0,Lvl 14,Level 14 behind stairwell,Landlord,TBC,Contracted,1/1/92,33 Years,4/4/25,Pass,7259,5081,53
68d3dc07d910b6e73ca387b9,7922,SPF 04,,Active,Ventilation,Stairwell Pressurisation Fan,Average,Not available,Na,N/A,N/A,N/A,0.0,Lvl 14,Level 14 behind stairwell,Landlord,TBC,Contracted,1/1/92,33 Years,4/4/25,Pass,5097,3568,54
68d3dc07d910b6e73ca387b9,7923,LMREF 01,,Active,Ventilation,General Exhaust Fan,Average,Unreadable,Na,N/A,N/A,N/A,0.0,Roof,Level 20 lift motor room,Landlord,TBC,Contracted,1/1/92,33 Years,4/4/25,Fail,4359,3051,55
68d3dc07d910b6e73ca387b9,7924,SAF 01,,Active,Ventilation,Supply Air Fan,Poor,Fantech,APO634AP5B011,414935,N/A,N/A,0.0,Lvl 20,supply air fan,Landlord,7-10 Yrs,Contracted,1/1/99,26 Years,4/4/25,Pass,9308,6516,56
68d3dc07d910b6e73ca387b9,7925,HWS 01,,Active,Air Con,Hi-Wall Split System,Poor,Daikin,Ftxe25bvma,4905618,HFC-R410A,N/A,0.0,Terrace,Fire control room terrace level,Landlord,10-15 Yrs,Contracted,1/1/12,13 Years,4/4/25,Pass,8642,6049,57
68d3dc07d910b6e73ca387b9,7926,HWS 02,,Active,Air Con,Hi-Wall Split System,Average,n/a,n/a,N/A,HFC-R410A,N/A,0.0,GF,split A/C,Landlord,TBC,Contracted,1/1/12,13 Years,4/4/25,Pass,3514,2460,58
68d3dc07d910b6e73ca387b9,7927,MSSB 01,,Active,Electrical,Mechanical Services Switch Board,Average,NA,NA,N/A,N/A,N/A,0.0,Lvl 19,Level 19 plant room,Landlord,TBC,Contracted,4/25/18,7 Years,4/4/25,Pass,5066,3546,59
68d3dc07d910b6e73ca387b9,7928,MSSB 02,,Active,Electrical,Mechanical Services Switch Board,Average,n/a,NA,N/A,N/A,N/A,0.0,Lvl 19,Levrl 19 plant room,Landlord,20-25 Yrs,Contracted,4/25/18,7 Years,4/4/25,Pass,7169,5018,60
68d3dc07d910b6e73ca387b9,7959,BMS Control System,,Active,Controls,Building Management System,Good,Alerton,Na,Na,N/A,N/A,0.0,Lvl 20,Level 20 bms plant room,Landlord,N/A,Contracted,4/25/18,7 Years,4/4/25,Pass,6588,4612,61
68d3dc07d910b6e73ca387b9,13257,Chiller 1,,Active,Chiller System,Chiller - Water Cooled,Average,Smardt,WB080.2EH06.F2HFJA.F2APJA.0NS,8996,HFC-R134A,212kg,TBC,Lvl 19,Plant room,Landlord,10-20 Yrs,Contracted,2/28/19,6 Years,4/10/25,Pass,5986,4190,62
68d3dc07d910b6e73ca387b9,13258,Chiller 2,,Active,Chiller System,Chiller - Water Cooled,Average,Smardt,WB080.2EH06.F2HFJA.F2APJA.0NS,8997,HFC-R134A,212kg,TBC,Lvl 19,Plant room,TBC,10-20 Yrs,Contracted,2/28/19,6 Years,4/10/25,Pass,8969,6278,63
68d3dc07d910b6e73ca387b9,13259,Chiller 3,,Active,Chiller System,Chiller - Water Cooled,Average,Smardt,WB080.2EH06.F2HFJA.F2APJA.0NS,8997,HFC-R134A,212kg,TBC,Roof,Plant room,Landlord,10-20 Yrs,Contracted,2/28/19,6 Years,4/10/25,Fail,6229,4360,64
68d3dc07d910b6e73ca387b9,13260,HWP 01,,Active,Boiler System,Pump - Heating Water,Average,Masterflow,BB40-20,A24242223h1,N/A,N/A,0.0,Lvl 20,Level 20 boiler room,Landlord,TBC,Contracted,2/28/19,6 Years,4/4/25,Pass,2198,1539,65
68d3dc07d910b6e73ca387b9,13261,HWP 02,,Active,Boiler System,Pump - Heating Water,Average,Masterflow,BB40-20,A24242223h2,N/A,N/A,0.0,Lvl 20,Level 20 boiler room,Landlord,TBC,Contracted,2/28/19,6 Years,4/4/25,Pass,8324,5827,66
68d3dc07d910b6e73ca387b9,13491,FCU-G-02,,Active,Air Con,Fan Coil Unit,Poor,Temperzone,Imd210-4e,N/A,R718 - Water,N/A,0.0,GF,Front building roof space,Landlord,15-20 Yrs,Contracted,6/25/18,7 Years,4/4/25,Pass,9207,6445,67
68d3dc07d910b6e73ca387b9,13492,FCU-G-01,,Active,Air Con,Fan Coil Unit,Average,Pac air,Pfu 50 -163,Fc18090959,R718 - Water,N/A,0.0,GF,Front build ground level - West,Landlord,7-10 Yrs,Contracted,6/25/18,7 Years,4/4/25,Pass,4522,3165,68
68d3dc07d910b6e73ca387b9,14760,VAV-TR-WEST-01,3002036,Active,Other Mech. Equip,VAV - Variable Air Volume Box,Good,TBC,TBC,N/A,N/A,N/A,N/A,Terrace,Terrace - West internal,Landlord,15-25 Yrs,Contracted,,TBC,2/13/25,Pass,5189,3632,69
68d3dc07d910b6e73ca387b9,14761,VAV-TR-WEST-02,3002037,Active,Other Mech. Equip,VAV - Variable Air Volume Box,Good,Trox,Tvb-a-ssp/7/0/fi//,N/A,N/A,N/A,0.0,Terrace,Terrace - West internal,Landlord,15-25 Yrs,Contracted,2/2/17,8 Years,2/13/25,Pass,2978,2085,70
68d3dc07d910b6e73ca387b9,14762,VAV-TR-WEST-03,3002038,Active,Other Mech. Equip,VAV - Variable Air Volume Box,Good,Trox,Tvb-a-ssp/7/0/fi//,N/A,N/A,N/A,0.0,Terrace,Terrace - West internal,Landlord,15-25 Yrs,Contracted,2/2/17,8 Years,2/13/25,Pass,6307,4415,71
68d3dc07d910b6e73ca387b9,14763,VAV-TR-WEST-04,3002039,Active,Other Mech. Equip,VAV - Variable Air Volume Box,Good,Trox,Tvb-a-ssp/7/0/fi//,N/A,N/A,N/A,0.0,Terrace,Terrace - West internal,Landlord,15-25 Yrs,Contracted,2/2/17,8 Years,2/13/25,Pass,5700,3990,72
68d3dc07d910b6e73ca387b9,14764,VAV-PL-WEST-01,3002031,Active,Other Mech. Equip,VAV - Variable Air Volume Box,Good,Trox,Tvb-a-ssp/7/0/fi//,N/A,N/A,N/A,0.0,Plaza,Plaza - West perimeter,Landlord,15-25 Yrs,Contracted,2/2/17,8 Years,2/13/25,Pass,3273,2291,73
68d3dc07d910b6e73ca387b9,14765,VAV-PL-WEST-02,3002032,Active,Other Mech. Equip,VAV - Variable Air Volume Box,Good,Trox,Tvb-a-ssp/7/0/fi//,N/A,N/A,N/A,0.0,Plaza,Plaza - West internal,Landlord,15-25 Yrs,Contracted,2/2/17,8 Years,2/13/25,Pass,4682,3277,74
68d3dc07d910b6e73ca387b9,14766,VAV-PL-WEST-03,3002033,Active,Other Mech. Equip,VAV - Variable Air Volume Box,Good,Trox,Tvb-a-ssp/7/0/fi//,N/A,N/A,N/A,0.0,Plaza,Plaza - West internal,Landlord,15-25 Yrs,Contracted,2/2/17,8 Years,2/13/25,Pass,6547,4583,75
68d3dc07d910b6e73ca387b9,14767,VAV-PL-WEST-04,3002035,Active,Other Mech. Equip,VAV - Variable Air Volume Box,Good,Trox,Tvb-a-ssp/7/0/fi//,N/A,N/A,N/A,0.0,Plaza,Plaza - West internal,Landlord,15-25 Yrs,Contracted,2/2/17,8 Years,2/13/25,Pass,4804,3363,76
68d3dc07d910b6e73ca387b9,14768,VAV-PL-WEST-05,3002035,Active,Other Mech. Equip,VAV - Variable Air Volume Box,Good,Trox,Tvb-a-ssp/7/0/fi//,N/A,N/A,N/A,0.0,Plaza,Plaza - West perimeter,Landlord,15-25 Yrs,Contracted,2/2/17,8 Years,2/13/25,Pass,4091,2864,77
68d3dc07d910b6e73ca387b9,14769,VAV-01-WEST-01,3002017,Active,Other Mech. Equip,VAV - Variable Air Volume Box,Good,Trox,Tvb-a-ssp/7/0/fi//,N/A,N/A,N/A,0.0,Lvl 01,West perimeter,Landlord,15-25 Yrs,Contracted,2/2/17,8 Years,2/13/25,Pass,2117,1482,78
68d3dc07d910b6e73ca387b9,14770,VAV-01-WEST-02,3002018,Active,Other Mech. Equip,VAV - Variable Air Volume Box,Good,Trox,Tvb-a-ssp/7/0/fi//,N/A,N/A,N/A,0.0,Lvl 01,West internal,Landlord,15-25 Yrs,Contracted,2/2/17,8 Years,2/13/25,Pass,5557,3890,79
68d3dc07d910b6e73ca387b9,14771,VAV-01-WEST-03,3002019,Active,Other Mech. Equip,VAV - Variable Air Volume Box,Good,Trox,Tvb-a-ssp/7/0/fi//,N/A,N/A,N/A,0.0,Lvl 01,West internal,Landlord,15-25 Yrs,Contracted,2/2/17,8 Years,2/13/25,Pass,3919,2743,80
68d3dc07d910b6e73ca387b9,14772,VAV-01-WEST-04,3002020,Active,Other Mech. Equip,VAV - Variable Air Volume Box,Good,Trox,Tvb-a-ssp/7/0/fi//,N/A,N/A,N/A,0.0,Lvl 01,West internal,Landlord,15-25 Yrs,Contracted,2/2/17,8 Years,2/13/25,Pass,9420,6594,81
68d3dc07d910b6e73ca387b9,14773,VAV-01-WEST-05,3002021,Active,Other Mech. Equip,VAV - Variable Air Volume Box,Good,Trox,Tvb-a-ssp/7/0/fi//,N/A,N/A,N/A,0.0,Lvl 01,West internal,Landlord,15-25 Yrs,Contracted,2/2/17,8 Years,2/13/25,Pass,6712,4698,82
68d3dc07d910b6e73ca387b9,14774,VAV-01-WEST-06,3002022,Active,Other Mech. Equip,VAV - Variable Air Volume Box,Good,Trox,Tvb-a-ssp/7/0/fi//,N/A,N/A,N/A,0.0,Lvl 01,West perimeter,Landlord,15-25 Yrs,Contracted,2/2/17,8 Years,2/13/25,Pass,9749,6824,83
68d3dc07d910b6e73ca387b9,14775,VAV-01-WEST-07,3002023,Active,Other Mech. Equip,VAV - Variable Air Volume Box,Good,Trox,Tvb-a-ssp/7/0/fi//,N/A,N/A,N/A,0.0,Lvl 01,West perimeter,Landlord,15-25 Yrs,Contracted,2/2/17,8 Years,2/13/25,Pass,3374,2362,84
68d3dc07d910b6e73ca387b9,14776,VAV-01-EAST-01,3002024,Active,Other Mech. Equip,VAV - Variable Air Volume Box,Good,Trox,Tvb-a-ssp/7/0/fi//,N/A,N/A,N/A,0.0,Lvl 01,East perimeter,Landlord,15-25 Yrs,Contracted,2/2/17,8 Years,2/13/25,Pass,3417,2392,85
68d3dc07d910b6e73ca387b9,14777,VAV-01-EAST-02,3002025,Active,Other Mech. Equip,VAV - Variable Air Volume Box,Good,Trox,Tvb-a-ssp/7/0/fi//,N/A,N/A,N/A,0.0,Lvl 01,East perimeter,Landlord,15-25 Yrs,Contracted,2/2/17,8 Years,2/13/25,Pass,1334,934,86
68d3dc07d910b6e73ca387b9,14778,VAV-01-EAST-03,3002026,Active,Other Mech. Equip,VAV - Variable Air Volume Box,Good,Trox,Tvb-a-ssp/7/0/fi//,N/A,N/A,N/A,0.0,Lvl 01,East internal,Landlord,15-25 Yrs,Contracted,2/2/17,8 Years,2/13/25,Pass,9476,6633,87
68d3dc07d910b6e73ca387b9,14780,VAV-01-EAST-05,3002028,Active,Other Mech. Equip,VAV - Variable Air Volume Box,Good,Trox,Tvb-a-ssp/7/0/fi//,N/A,N/A,N/A,0.0,Lvl 01,East internal,Landlord,15-25 Yrs,Contracted,2/2/17,8 Years,2/13/25,Pass,5274,3692,88
68d3dc07d910b6e73ca387b9,14781,VAV-01-EAST-06,3002029,Active,Other Mech. Equip,VAV - Variable Air Volume Box,Average,Trox,Tvb-a-ssp/7/0/fi//,N/A,N/A,N/A,0.0,Lvl 01,East perimeter,Landlord,15-25 Yrs,Contracted,2/2/17,8 Years,2/13/25,Pass,3843,2690,89
68d3dc07d910b6e73ca387b9,14782,VAV-01-EAST-07,3002030,Active,Other Mech. Equip,VAV - Variable Air Volume Box,Good,Trox,Tvb-a-ssp/7/0/fi//,N/A,N/A,N/A,0.0,Lvl 01,East perimeter,Landlord,15-25 Yrs,Contracted,2/2/17,8 Years,2/13/25,Pass,3438,2407,90
68d3dc07d910b6e73ca387b9,14783,VAV-02-WEST-01,3002001,Active,Other Mech. Equip,VAV - Variable Air Volume Box,Good,Trox,Tvb-a-ssp/7/0/fi//,N/A,N/A,N/A,0.0,Lvl 02,West perimeter,Landlord,15-25 Yrs,Contracted,2/2/17,8 Years,2/13/25,Pass,2324,1627,91
68d3dc07d910b6e73ca387b9,14784,VAV-02-WEST-02,3002002,Active,Other Mech. Equip,VAV - Variable Air Volume Box,Good,Trox,Tvb-a-ssp/7/0/fi//,N/A,N/A,N/A,0.0,Lvl 02,West perimeter,Landlord,15-25 Yrs,Contracted,2/2/17,8 Years,2/13/25,Pass,6242,4369,92
68d3dc07d910b6e73ca387b9,14785,VAV-02-WEST-03,3002003,Active,Other Mech. Equip,VAV - Variable Air Volume Box,Good,Trox,Tvb-a-ssp/7/0/fi//,N/A,N/A,N/A,0.0,Lvl 02,West internal,Landlord,15-25 Yrs,Contracted,2/2/17,8 Years,2/13/25,Pass,4023,2816,93
68d3dc07d910b6e73ca387b9,14786,VAV-02-WEST-04,3002004,Active,Other Mech. Equip,VAV - Variable Air Volume Box,Good,Trox,Tvb-a-ssp/7/0/fi//,N/A,N/A,N/A,0.0,Lvl 02,West internal,Landlord,15-25 Yrs,Contracted,2/2/17,8 Years,2/13/25,Pass,4305,3014,94
68d3dc07d910b6e73ca387b9,14787,VAV-02-WEST-05,3002005,Active,Other Mech. Equip,VAV - Variable Air Volume Box,Good,Trox,Tvb-a-ssp/7/0/fi//,N/A,N/A,N/A,0.0,Lvl 02,West internal,Landlord,15-25 Yrs,Contracted,2/2/17,8 Years,2/13/25,Pass,7173,5021,95
68d3dc07d910b6e73ca387b9,14788,VAV-02-WEST-06,3002006,Active,Other Mech. Equip,VAV - Variable Air Volume Box,Good,Trox,Tvb-a-ssp/7/0/fi//,N/A,N/A,N/A,0.0,Lvl 02,West internal,Landlord,15-25 Yrs,Contracted,2/2/17,8 Years,2/13/25,Pass,8694,6086,96
68d3dc07d910b6e73ca387b9,14789,VAV-02-WEST-07,3002007,Active,Other Mech. Equip,VAV - Variable Air Volume Box,Good,Trox,Tvb-a-ssp/7/0/fi//,N/A,N/A,N/A,0.0,Lvl 02,West perimeter,Landlord,15-25 Yrs,Contracted,2/2/17,8 Years,2/13/25,Pass,7243,5070,97
68d3dc07d910b6e73ca387b9,14790,VAV-02-WEST-07,3002007,Active,Other Mech. Equip,VAV - Variable Air Volume Box,Good,Trox,Tvb-a-ssp/7/0/fi//,N/A,N/A,N/A,0.0,Lvl 02,West perimeter,Landlord,15-25 Yrs,Contracted,2/2/17,8 Years,2/13/25,Pass,9796,6857,98
68d3dc07d910b6e73ca387b9,14791,VAV-02-WEST-08,3002008,Active,Other Mech. Equip,VAV - Variable Air Volume Box,Good,Trox,Tvb-a-ssp/7/0/fi//,N/A,N/A,N/A,0.0,Lvl 02,West perimeter,Landlord,15-25 Yrs,Contracted,2/2/17,8 Years,2/13/25,Pass,7620,5334,99
68d3dc07d910b6e73ca387b9,14792,VAV-02-EAST-01,3002009,Active,Other Mech. Equip,VAV - Variable Air Volume Box,Good,Trox,Tvb-a-ssp/7/0/fi//,N/A,N/A,N/A,0.0,Lvl 02,East perimeter,Landlord,15-25 Yrs,Contracted,2/2/17,8 Years,2/13/25,Pass,3679,2575,100
68d3dc07d910b6e73ca387b9,14793,VAV-02-EAST-02,3002010,Active,Other Mech. Equip,VAV - Variable Air Volume Box,Good,Trox,Tvb-a-ssp/7/0/fi//,N/A,N/A,N/A,0.0,Lvl 02,East perimeter,Landlord,15-25 Yrs,Contracted,2/2/17,8 Years,2/13/25,Pass,7947,5563,101
68d3dc07d910b6e73ca387b9,14794,VAV-02-EAST-03,3002011,Active,Other Mech. Equip,VAV - Variable Air Volume Box,Good,Trox,Tvb-a-ssp/7/0/fi//,N/A,N/A,N/A,0.0,Lvl 02,East internal,Landlord,15-25 Yrs,Contracted,2/2/17,8 Years,2/13/25,Pass,1852,1296,102
68d3dc07d910b6e73ca387b9,14795,VAV-02-EAST-04,3002012,Active,Other Mech. Equip,VAV - Variable Air Volume Box,Good,Trox,Tvb-a-ssp/7/0/fi//,N/A,N/A,N/A,0.0,Lvl 02,East internal,Landlord,15-25 Yrs,Contracted,2/2/17,8 Years,2/13/25,Pass,6407,4485,103
68d3dc07d910b6e73ca387b9,14796,VAV-02-EAST-05,3002013,Active,Other Mech. Equip,VAV - Variable Air Volume Box,Good,Trox,Tvb-a-ssp/7/0/fi//,N/A,N/A,N/A,0.0,Lvl 02,East internal,Landlord,15-25 Yrs,Contracted,2/2/17,8 Years,2/13/25,Pass,1568,1098,104
68d3dc07d910b6e73ca387b9,14797,VAV-02-EAST-06,3002014,Active,Other Mech. Equip,VAV - Variable Air Volume Box,Good,Trox,Tvb-a-ssp/7/0/fi//,N/A,N/A,N/A,0.0,Lvl 02,East internal,Landlord,15-25 Yrs,Contracted,2/2/17,8 Years,2/13/25,Pass,2908,2036,105
68d3dc07d910b6e73ca387b9,14798,VAV-02-EAST-07,3002015,Active,Other Mech. Equip,VAV - Variable Air Volume Box,Good,Trox,Tvb-a-ssp/7/0/fi//,N/A,N/A,N/A,0.0,Lvl 02,East perimeter,Landlord,15-25 Yrs,Contracted,2/2/17,8 Years,2/13/25,Pass,3705,2594,106
68d3dc07d910b6e73ca387b9,14799,VAV-02-EAST-08,3002016,Active,Other Mech. Equip,VAV - Variable Air Volume Box,Good,Trox,Tvb-a-ssp/7/0/fi//,N/A,N/A,N/A,0.0,Lvl 02,East internal,Landlord,15-25 Yrs,Contracted,2/2/17,8 Years,2/13/25,Pass,6607,4625,107
68d3dc07d910b6e73ca387b9,14800,VAV-03-WEST-01,3003016,Active,Other Mech. Equip,VAV - Variable Air Volume Box,Good,Trox,Tvb-a-ssp/7/0/fi//,N/A,N/A,N/A,0.0,Lvl 02,West perimeter,Landlord,15-25 Yrs,Contracted,2/2/17,8 Years,2/13/25,Pass,3695,2587,108
68d3dc07d910b6e73ca387b9,14801,VAV-03-WEST-02,3003015,Active,Other Mech. Equip,VAV - Variable Air Volume Box,Good,Trox,Tvb-a-ssp/7/0/fi//,N/A,N/A,N/A,0.0,Lvl 03,West perimeter,Landlord,15-25 Yrs,Contracted,2/2/17,8 Years,2/10/25,Fail,8149,5704,109
68d3dc07d910b6e73ca387b9,14802,VAV-03-WEST-03,3003014,Active,Other Mech. Equip,VAV - Variable Air Volume Box,Good,Trox,Tvb-a-ssp/7/0/fi//,N/A,N/A,N/A,0.0,Lvl 03,West internal,Landlord,15-25 Yrs,Contracted,2/2/17,8 Years,2/13/25,Pass,6797,4758,110
68d3dc07d910b6e73ca387b9,14803,VAV-03-WEST-04,3003013,Active,Other Mech. Equip,VAV - Variable Air Volume Box,Good,Trox,Tvb-a-ssp/7/0/fi//,N/A,N/A,N/A,0.0,Lvl 03,West internal,Landlord,15-25 Yrs,Contracted,2/2/17,8 Years,2/13/25,Pass,2929,2050,111
68d3dc07d910b6e73ca387b9,14804,VAV-03-WEST-05,3003012,Active,Other Mech. Equip,VAV - Variable Air Volume Box,Good,Trox,Tvb-a-ssp/7/0/fi//,N/A,N/A,N/A,0.0,Lvl 03,West internal,Landlord,15-25 Yrs,Contracted,2/2/17,8 Years,2/13/25,Pass,3716,2601,112
68d3dc07d910b6e73ca387b9,14805,VAV-03-WEST-06,3003011,Active,Other Mech. Equip,VAV - Variable Air Volume Box,Good,Trox,Tvb-a-ssp/7/0/fi//,N/A,N/A,N/A,0.0,Lvl 03,West internal,Landlord,15-25 Yrs,Contracted,2/2/17,8 Years,2/13/25,Pass,3960,2772,113
68d3dc07d910b6e73ca387b9,14806,VAV-03-WEST-07,3003010,Active,Other Mech. Equip,VAV - Variable Air Volume Box,Good,Trox,Tvb-a-ssp/7/0/fi//,N/A,N/A,N/A,0.0,Lvl 03,West perimeter,Landlord,15-25 Yrs,Contracted,2/2/17,8 Years,2/13/25,Pass,7473,5231,114
68d3dc07d910b6e73ca387b9,14807,VAV-03-WEST-08,3003009,Active,Other Mech. Equip,VAV - Variable Air Volume Box,Good,Trox,Tvb-a-ssp/7/0/fi//,N/A,N/A,N/A,0.0,Lvl 03,West perimeter,Landlord,15-25 Yrs,Contracted,2/2/17,8 Years,2/13/25,Pass,5773,4041,115
68d3dc07d910b6e73ca387b9,14808,VAV-03-EAST-01,3003008,Active,Other Mech. Equip,VAV - Variable Air Volume Box,Good,Trox,Tvb-a-ssp/7/0/fi//,N/A,N/A,N/A,0.0,Lvl 03,East perimeter,Landlord,15-25 Yrs,Contracted,2/2/17,8 Years,2/13/25,Pass,9557,6690,116
68d3dc07d910b6e73ca387b9,14809,VAV-03-EAST-02,3003007,Active,Other Mech. Equip,VAV - Variable Air Volume Box,Good,Trox,Tvb-a-ssp/7/0/fi//,N/A,N/A,N/A,0.0,Lvl 03,East perimeter,Landlord,15-25 Yrs,Contracted,2/2/17,8 Years,2/13/25,Pass,9429,6600,117
68d3dc07d910b6e73ca387b9,14810,VAV-03-EAST-03,3003006,Active,Other Mech. Equip,VAV - Variable Air Volume Box,Good,Trox,Tvb-a-ssp/7/0/fi//,N/A,N/A,N/A,0.0,Lvl 03,East internal,Landlord,15-25 Yrs,Contracted,2/2/17,8 Years,4/28/20,Pass,1323,926,118
68d3dc07d910b6e73ca387b9,14811,VAV-03-EAST-04,3003005,Active,Other Mech. Equip,VAV - Variable Air Volume Box,Good,Trox,Tvb-a-ssp/7/0/fi//,N/A,N/A,N/A,0.0,Lvl 03,East internal,Landlord,15-25 Yrs,Contracted,2/2/17,8 Years,2/13/25,Pass,9195,6437,119
68d3dc07d910b6e73ca387b9,14812,VAV-03-EAST-05,3003004,Active,Other Mech. Equip,VAV - Variable Air Volume Box,Good,Trox,Tvb-a-ssp/7/0/fi//,N/A,N/A,N/A,0.0,Lvl 03,East internal,Landlord,15-25 Yrs,Contracted,2/2/17,8 Years,2/13/25,Pass,7878,5515,120
68d3dc07d910b6e73ca387b9,14813,VAV-03-EAST-06,3003003,Active,Other Mech. Equip,VAV - Variable Air Volume Box,Good,Trox,Tvb-a-ssp/7/0/fi//,N/A,N/A,N/A,0.0,Lvl 03,East internal,Landlord,15-25 Yrs,Contracted,2/2/17,8 Years,2/13/25,Pass,9226,6458,121
68d3dc07d910b6e73ca387b9,14814,VAV-03-EAST-07,3003002,Active,Other Mech. Equip,VAV - Variable Air Volume Box,Good,Trox,Tvb-a-ssp/7/0/fi//,N/A,N/A,N/A,0.0,Lvl 03,East perimeter,Landlord,15-25 Yrs,Contracted,2/2/17,8 Years,2/13/25,Pass,5795,4057,122
68d3dc07d910b6e73ca387b9,14815,VAV-03-EAST-08,3003001,Active,Other Mech. Equip,VAV - Variable Air Volume Box,Good,Trox,Tvb-a-ssp/7/0/fi//,N/A,N/A,N/A,0.0,Lvl 03,East internal,Landlord,15-25 Yrs,Contracted,2/2/17,8 Years,4/28/20,Pass,8711,6098,123
68d3dc07d910b6e73ca387b9,14816,VAV-03-EAST-08,3003001,Active,Other Mech. Equip,VAV - Variable Air Volume Box,Good,Trox,Tvb-a-ssp/7/0/fi//,N/A,N/A,N/A,0.0,Lvl 03,West perimeter,Landlord,15-25 Yrs,Contracted,2/2/17,8 Years,2/13/25,Pass,4307,3015,124
68d3dc07d910b6e73ca387b9,14817,VAV-04-WEST-02,3003031,Active,Other Mech. Equip,VAV - Variable Air Volume Box,Good,Trox,Tvb-a-ssp/7/0/fi//,N/A,N/A,N/A,0.0,Lvl 04,West perimeter,Landlord,15-25 Yrs,Contracted,2/2/17,8 Years,2/13/25,Pass,3712,2598,125
68d3dc07d910b6e73ca387b9,14818,VAV-04-WEST-03,3003030,Active,Other Mech. Equip,VAV - Variable Air Volume Box,Good,Trox,Tvb-a-ssp/7/0/fi//,N/A,N/A,N/A,0.0,Lvl 04,West internal,Landlord,15-25 Yrs,Contracted,2/2/17,8 Years,2/13/25,Pass,2598,1819,126
68d3dc07d910b6e73ca387b9,14819,VAV-04-WEST-04,3003029,Active,Other Mech. Equip,VAV - Variable Air Volume Box,Good,Trox,Tvb-a-ssp/7/0/fi//,N/A,N/A,N/A,0.0,Lvl 04,West internal,Landlord,15-25 Yrs,Contracted,2/2/17,8 Years,2/13/25,Pass,9530,6671,127
68d3dc07d910b6e73ca387b9,14820,VAV-04-WEST-05,3003028,Active,Other Mech. Equip,VAV - Variable Air Volume Box,Good,Trox,Tvb-a-ssp/7/0/fi//,N/A,N/A,N/A,0.0,Lvl 04,West internal,Landlord,15-25 Yrs,Contracted,2/2/17,8 Years,2/13/25,Pass,3392,2374,128
68d3dc07d910b6e73ca387b9,14821,VAV-04-WEST-06,3003027,Active,Other Mech. Equip,VAV - Variable Air Volume Box,Good,Trox,Tvb-a-ssp/7/0/fi//,N/A,N/A,N/A,0.0,Lvl 04,West internal,Landlord,15-25 Yrs,Contracted,2/2/17,8 Years,2/13/25,Pass,7960,5572,129
68d3dc07d910b6e73ca387b9,14822,VAV-04-WEST-07,3003026,Active,Other Mech. Equip,VAV - Variable Air Volume Box,Good,Trox,Tvb-a-ssp/7/0/fi//,N/A,N/A,N/A,0.0,Lvl 04,West perimeter,Landlord,15-25 Yrs,Contracted,2/2/17,8 Years,2/13/25,Pass,2278,1595,130
68d3dc07d910b6e73ca387b9,14823,VAV-04-WEST-08,3003025,Active,Other Mech. Equip,VAV - Variable Air Volume Box,Good,Trox,Tvb-a-ssp/7/0/fi//,N/A,N/A,N/A,0.0,Lvl 04,West perimeter,Landlord,15-25 Yrs,Contracted,2/2/17,8 Years,2/13/25,Pass,4811,3368,131
68d3dc07d910b6e73ca387b9,14824,VAV-04-EAST-01,3003024,Active,Other Mech. Equip,VAV - Variable Air Volume Box,Good,Trox,Tvb-a-ssp/7/0/fi//,N/A,N/A,N/A,0.0,Lvl 04,East perimeter,Landlord,15-25 Yrs,Contracted,2/2/17,8 Years,2/13/25,Pass,6742,4719,132
68d3dc07d910b6e73ca387b9,14825,VAV-04-EAST-02,3003023,Active,Other Mech. Equip,VAV - Variable Air Volume Box,Good,Trox,Tvb-a-ssp/7/0/fi//,N/A,N/A,N/A,0.0,Lvl 04,East perimeter,Landlord,15-25 Yrs,Contracted,2/2/17,8 Years,2/13/25,Pass,6719,4703,133
68d3dc07d910b6e73ca387b9,14826,VAV-04-EAST-03,3003022,Active,Other Mech. Equip,VAV - Variable Air Volume Box,Good,Trox,Tvb-a-ssp/7/0/fi//,N/A,N/A,N/A,0.0,Lvl 04,East internals,Landlord,15-25 Yrs,Contracted,2/2/17,8 Years,2/13/25,Pass,9862,6903,134
68d3dc07d910b6e73ca387b9,14827,VAV-04-EAST-04,3003021,Active,Other Mech. Equip,VAV - Variable Air Volume Box,Good,Trox,Tvb-a-ssp/7/0/fi//,N/A,N/A,N/A,0.0,Lvl 04,East internals,Landlord,15-25 Yrs,Contracted,2/2/17,8 Years,2/13/25,Pass,6601,4621,135
68d3dc07d910b6e73ca387b9,14828,VAV-04-EAST-05,3003020,Active,Other Mech. Equip,VAV - Variable Air Volume Box,Good,Trox,Tvb-a-ssp/7/0/fi//,N/A,N/A,N/A,0.0,Lvl 04,East internals,Landlord,15-25 Yrs,Contracted,2/2/17,8 Years,2/13/25,Pass,3690,2583,136
68d3dc07d910b6e73ca387b9,14829,VAV-04-EAST-07,3003018,Active,Other Mech. Equip,VAV - Variable Air Volume Box,Good,Trox,Tvb-a-ssp/7/0/fi//,N/A,N/A,N/A,0.0,Lvl 04,East perimeter,Landlord,15-25 Yrs,Contracted,2/2/17,8 Years,2/13/25,Pass,7443,5210,137
68d3dc07d910b6e73ca387b9,14830,VAV-04-EAST-08,3003017,Active,Other Mech. Equip,VAV - Variable Air Volume Box,Good,Trox,Tvb-a-ssp/7/0/fi//,N/A,N/A,N/A,0.0,Lvl 04,East internals,Landlord,15-25 Yrs,Contracted,2/2/17,8 Years,2/13/25,Pass,3701,2591,138
68d3dc07d910b6e73ca387b9,14831,VAV-05-WEST-01,3003048,Active,Other Mech. Equip,VAV - Variable Air Volume Box,Good,Trox,Tvb-a-ssp/7/0/fi//,N/A,N/A,N/A,0.0,Lvl 04,West perimeter,Landlord,15-25 Yrs,Contracted,2/2/17,8 Years,2/13/25,Pass,1632,1142,139
68d3dc07d910b6e73ca387b9,14832,VAV-05-WEST-02,3003047,Active,Other Mech. Equip,VAV - Variable Air Volume Box,Good,Trox,Tvb-a-ssp/7/0/fi//,N/A,N/A,N/A,0.0,Lvl 05,West perimeter,Landlord,15-25 Yrs,Contracted,2/2/17,8 Years,2/13/25,Pass,1409,986,140
68d3dc07d910b6e73ca387b9,14833,VAV-05-WEST-03,3003046,Active,Other Mech. Equip,VAV - Variable Air Volume Box,Good,Trox,Tvb-a-ssp/7/0/fi//,N/A,N/A,N/A,0.0,Lvl 05,West internal,Landlord,15-25 Yrs,Contracted,2/2/17,8 Years,2/13/25,Pass,9045,6332,141
68d3dc07d910b6e73ca387b9,14834,VAV-05-WEST-04,3003045,Active,Other Mech. Equip,VAV - Variable Air Volume Box,Good,Trox,Tvb-a-ssp/7/0/fi//,N/A,N/A,N/A,0.0,Lvl 05,West internal,Landlord,15-25 Yrs,Contracted,2/2/17,8 Years,2/13/25,Pass,6679,4675,142
68d3dc07d910b6e73ca387b9,14835,VAV-05-WEST-05,3003044,Active,Other Mech. Equip,VAV - Variable Air Volume Box,Good,Trox,Tvb-a-ssp/7/0/fi//,N/A,N/A,N/A,0.0,Lvl 05,West internal,Landlord,15-25 Yrs,Contracted,2/2/17,8 Years,2/13/25,Pass,5021,3515,143
68d3dc07d910b6e73ca387b9,14836,VAV-05-WEST-06,3003043,Active,Other Mech. Equip,VAV - Variable Air Volume Box,Good,Trox,Tvb-a-ssp/7/0/fi//,N/A,N/A,N/A,0.0,Lvl 05,West internal,Landlord,15-25 Yrs,Contracted,2/2/17,8 Years,2/13/25,Pass,9842,6889,144
68d3dc07d910b6e73ca387b9,14837,VAV-05-WEST-07,3003042,Active,Other Mech. Equip,VAV - Variable Air Volume Box,Good,Trox,Tvb-a-ssp/7/0/fi//,N/A,N/A,N/A,0.0,Lvl 05,West perimeter,Landlord,15-25 Yrs,Contracted,2/2/17,8 Years,2/13/25,Pass,2072,1450,145
68d3dc07d910b6e73ca387b9,14838,VAV-05-EAST-01,3003040,Active,Other Mech. Equip,VAV - Variable Air Volume Box,Good,Trox,Tvb-a-ssp/7/0/fi//,N/A,N/A,N/A,0.0,Lvl 05,East perimeter,Landlord,15-25 Yrs,Contracted,2/2/17,8 Years,2/13/25,Pass,5604,3923,146
68d3dc07d910b6e73ca387b9,14839,VAV-05-EAST-02,3003039,Active,Other Mech. Equip,VAV - Variable Air Volume Box,Good,Trox,Tvb-a-ssp/7/0/fi//,N/A,N/A,N/A,0.0,Lvl 05,East perimeter,Landlord,15-25 Yrs,Contracted,2/2/17,8 Years,2/13/25,Pass,2507,1755,147
68d3dc07d910b6e73ca387b9,14840,VAV-05-EAST-03,3003038,Active,Other Mech. Equip,VAV - Variable Air Volume Box,Good,Trox,Tvb-a-ssp/7/0/fi//,N/A,N/A,N/A,0.0,Lvl 05,East internal,Landlord,15-25 Yrs,Contracted,2/2/17,8 Years,2/13/25,Pass,5544,3881,148
68d3dc07d910b6e73ca387b9,14841,VAV-05-EAST-04,3003037,Active,Other Mech. Equip,VAV - Variable Air Volume Box,Good,Trox,Tvb-a-ssp/7/0/fi//,N/A,N/A,N/A,0.0,Lvl 05,East internal,Landlord,15-25 Yrs,Contracted,2/2/17,8 Years,2/13/25,Pass,2725,1908,149
68d3dc07d910b6e73ca387b9,14842,VAV-05-EAST-05,3003036,Active,Other Mech. Equip,VAV - Variable Air Volume Box,Good,Trox,Tvb-a-ssp/7/0/fi//,N/A,N/A,N/A,0.0,Lvl 05,East internal,Landlord,15-25 Yrs,Contracted,2/2/17,8 Years,2/13/25,Pass,1387,971,150
68d3dc07d910b6e73ca387b9,14843,VAV-05-EAST-06,3003035,Active,Other Mech. Equip,VAV - Variable Air Volume Box,Good,Trox,Tvb-a-ssp/7/0/fi//,N/A,N/A,N/A,0.0,Lvl 05,East internal,Landlord,15-25 Yrs,Contracted,2/2/17,8 Years,2/13/25,Pass,4416,3091,151
68d3dc07d910b6e73ca387b9,14844,VAV-05-EAST-07,3003034,Active,Other Mech. Equip,VAV - Variable Air Volume Box,Good,Trox,Tvb-a-ssp/7/0/fi//,N/A,N/A,N/A,0.0,Lvl 05,East perimeter,Landlord,15-25 Yrs,Contracted,2/2/17,8 Years,2/13/25,Pass,1594,1116,152
68d3dc07d910b6e73ca387b9,14845,VAV-05-EAST-08,3003033,Active,Other Mech. Equip,VAV - Variable Air Volume Box,Good,Trox,Tvb-a-ssp/7/0/fi//,N/A,N/A,N/A,0.0,Lvl 05,East internal,Landlord,15-25 Yrs,Contracted,2/2/17,8 Years,2/13/25,Pass,8101,5671,153
68d3dc07d910b6e73ca387b9,14846,VAV-06-WEST-01,3006016,Active,Other Mech. Equip,VAV - Variable Air Volume Box,Good,Trox,Tvb-a-ssp/7/0/fi//,N/A,N/A,N/A,0.0,Lvl 05,West perimeter,Landlord,15-25 Yrs,Contracted,2/2/17,8 Years,2/13/25,Pass,4589,3212,154
68d3dc07d910b6e73ca387b9,14847,VAV-06-WEST-02,3006015,Active,Other Mech. Equip,VAV - Variable Air Volume Box,Good,Trox,Tvb-a-ssp/7/0/fi//,N/A,N/A,N/A,0.0,Lvl 06,West perimeter,Landlord,15-25 Yrs,Contracted,2/2/17,8 Years,2/13/25,Pass,4079,2855,155
68d3dc07d910b6e73ca387b9,14848,VAV-06-WEST-03,3006014,Active,Other Mech. Equip,VAV - Variable Air Volume Box,Good,Trox,Tvb-a-ssp/7/0/fi//,N/A,N/A,N/A,0.0,Lvl 06,West internal,Landlord,15-25 Yrs,Contracted,2/2/17,8 Years,2/13/25,Pass,1643,1150,156
68d3dc07d910b6e73ca387b9,14849,VAV-06-WEST-04,3006013,Active,Other Mech. Equip,VAV - Variable Air Volume Box,Good,Trox,Tvb-a-ssp/7/0/fi//,N/A,N/A,N/A,0.0,Lvl 06,West internal,Landlord,15-25 Yrs,Contracted,2/2/17,8 Years,2/13/25,Pass,4236,2965,157
68d3dc07d910b6e73ca387b9,14850,VAV-06-WEST-05,3006012,Active,Other Mech. Equip,VAV - Variable Air Volume Box,Good,Trox,Tvb-a-ssp/7/0/fi//,N/A,N/A,N/A,0.0,Lvl 06,West internal,Landlord,15-25 Yrs,Contracted,2/2/17,8 Years,2/13/25,Pass,4286,3000,158
68d3dc07d910b6e73ca387b9,14851,VAV-06-WEST-06,3006011,Active,Other Mech. Equip,VAV - Variable Air Volume Box,Good,Trox,Tvb-a-ssp/7/0/fi//,N/A,N/A,N/A,0.0,Lvl 06,West internal,Landlord,15-25 Yrs,Contracted,2/2/17,8 Years,2/13/25,Pass,8230,5761,159
68d3dc07d910b6e73ca387b9,14852,VAV-06-WEST-07,3006010,Active,Other Mech. Equip,VAV - Variable Air Volume Box,Good,Trox,Tvb-a-ssp/7/0/fi//,N/A,N/A,N/A,0.0,Lvl 06,West perimeter,Landlord,15-25 Yrs,Contracted,2/2/17,8 Years,2/13/25,Pass,5618,3933,160
68d3dc07d910b6e73ca387b9,14853,VAV-06-WEST-08,3006009,Active,Other Mech. Equip,VAV - Variable Air Volume Box,Good,Trox,Tvb-a-ssp/7/0/fi//,N/A,N/A,N/A,0.0,Lvl 06,West perimeter,Landlord,15-25 Yrs,Contracted,2/2/17,8 Years,2/13/25,Pass,1022,715,161
68d3dc07d910b6e73ca387b9,14854,VAV-06-EAST-01,3006008,Active,Other Mech. Equip,VAV - Variable Air Volume Box,Good,Trox,Tvb-a-ssp/7/0/fi//,N/A,N/A,N/A,0.0,Lvl 06,East perimeter,Landlord,15-25 Yrs,Contracted,2/2/17,8 Years,2/13/25,Pass,1188,832,162
68d3dc07d910b6e73ca387b9,14855,VAV-06-EAST-02,3006007,Active,Other Mech. Equip,VAV - Variable Air Volume Box,Good,Trox,Tvb-a-ssp/7/0/fi//,N/A,N/A,N/A,0.0,Lvl 06,East perimeter,Landlord,15-25 Yrs,Contracted,2/2/17,8 Years,2/13/25,Pass,7337,5136,163
68d3dc07d910b6e73ca387b9,14856,VAV-06-EAST-03,3006006,Active,Other Mech. Equip,VAV - Variable Air Volume Box,Good,Trox,Tvb-a-ssp/7/0/fi//,N/A,N/A,N/A,0.0,Lvl 06,East internal,Landlord,15-25 Yrs,Contracted,2/2/17,8 Years,2/13/25,Pass,4427,3099,164
68d3dc07d910b6e73ca387b9,14857,VAV-06-EAST-04,3006005,Active,Other Mech. Equip,VAV - Variable Air Volume Box,Good,Trox,Tvb-a-ssp/7/0/fi//,N/A,N/A,N/A,0.0,Lvl 06,East internal,Landlord,15-25 Yrs,Contracted,2/2/17,8 Years,2/13/25,Pass,8644,6051,165
68d3dc07d910b6e73ca387b9,14858,VAV-06-EAST-05,3006004,Active,Other Mech. Equip,VAV - Variable Air Volume Box,Good,Trox,Tvb-a-ssp/7/0/fi//,N/A,N/A,N/A,0.0,Lvl 06,East internal,Landlord,15-25 Yrs,Contracted,2/2/17,8 Years,2/13/25,Pass,4953,3467,166
68d3dc07d910b6e73ca387b9,14859,VAV-06-EAST-06,3006003,Active,Other Mech. Equip,VAV - Variable Air Volume Box,Good,Trox,Tvb-a-ssp/7/0/fi//,N/A,N/A,N/A,0.0,Lvl 06,East internal,Landlord,15-25 Yrs,Contracted,2/2/17,8 Years,2/13/25,Pass,3078,2155,167
68d3dc07d910b6e73ca387b9,14860,VAV-06-EAST-07,3006002,Active,Other Mech. Equip,VAV - Variable Air Volume Box,Good,Trox,Tvb-a-ssp/7/0/fi//,N/A,N/A,N/A,0.0,Lvl 06,East perimeter,Landlord,15-25 Yrs,Contracted,2/2/17,8 Years,2/13/25,Pass,3572,2500,168
68d3dc07d910b6e73ca387b9,14861,VAV-06-EAST-08,3006001,Active,Other Mech. Equip,VAV - Variable Air Volume Box,Good,Trox,Tvb-a-ssp/7/0/fi//,N/A,N/A,N/A,0.0,Lvl 06,East internal,Landlord,15-25 Yrs,Contracted,2/2/17,8 Years,2/13/25,Pass,8008,5606,169
68d3dc07d910b6e73ca387b9,14862,VAV-07-WEST-01,3006032,Active,Other Mech. Equip,VAV - Variable Air Volume Box,Good,Trox,Tvb-a-ssp/7/0/fi//,N/A,N/A,N/A,0.0,Lvl 06,West perimeter,Landlord,15-25 Yrs,Contracted,2/2/17,8 Years,2/13/25,Pass,6248,4374,170
68d3dc07d910b6e73ca387b9,14863,VAV-07-WEST-02,3006031,Active,Other Mech. Equip,VAV - Variable Air Volume Box,Good,Trox,Tvb-a-ssp/7/0/fi//,N/A,N/A,N/A,0.0,Lvl 07,West perimeter,Landlord,15-25 Yrs,Contracted,2/2/17,8 Years,2/13/25,Pass,2567,1797,171
68d3dc07d910b6e73ca387b9,14864,VAV-07-WEST-03,3006030,Active,Other Mech. Equip,VAV - Variable Air Volume Box,Good,Trox,Tvb-a-ssp/7/0/fi//,N/A,N/A,N/A,0.0,Lvl 07,West internal,Landlord,15-25 Yrs,Contracted,2/2/17,8 Years,2/13/25,Pass,6388,4472,172
68d3dc07d910b6e73ca387b9,14865,VAV-07-WEST-04,3006029,Active,Other Mech. Equip,VAV - Variable Air Volume Box,Good,Trox,Tvb-a-ssp/7/0/fi//,N/A,N/A,N/A,0.0,Lvl 07,West internal,Landlord,15-25 Yrs,Contracted,2/2/17,8 Years,2/13/25,Pass,1250,875,173
68d3dc07d910b6e73ca387b9,14866,VAV-07-WEST-05,3006028,Active,Other Mech. Equip,VAV - Variable Air Volume Box,Good,Trox,Tvb-a-ssp/7/0/fi//,N/A,N/A,N/A,0.0,Lvl 07,West internal,Landlord,15-25 Yrs,Contracted,2/2/17,8 Years,2/13/25,Pass,5263,3684,174
68d3dc07d910b6e73ca387b9,14867,VAV-07-WEST-06,3006027,Active,Other Mech. Equip,VAV - Variable Air Volume Box,Good,Trox,Tvb-a-ssp/7/0/fi//,N/A,N/A,N/A,0.0,Lvl 07,West internal,Landlord,15-25 Yrs,Contracted,2/2/17,8 Years,2/13/25,Pass,3380,2366,175
68d3dc07d910b6e73ca387b9,14868,VAV-07-WEST-07,3006026,Active,Other Mech. Equip,VAV - Variable Air Volume Box,Good,Trox,Tvb-a-ssp/7/0/fi//,N/A,N/A,N/A,0.0,Lvl 07,West perimeter,Landlord,15-25 Yrs,Contracted,2/2/17,8 Years,2/13/25,Pass,3696,2587,176
68d3dc07d910b6e73ca387b9,14869,VAV-07-WEST-08,3006025,Active,Other Mech. Equip,VAV - Variable Air Volume Box,Good,Trox,Tvb-a-ssp/7/0/fi//,N/A,N/A,N/A,0.0,Lvl 07,West perimeter,Landlord,15-25 Yrs,Contracted,2/2/17,8 Years,2/13/25,Pass,2901,2031,177
68d3dc07d910b6e73ca387b9,14870,VAV-07-EAST-01,3006024,Active,Other Mech. Equip,VAV - Variable Air Volume Box,Good,Trox,Tvb-a-ssp/7/0/fi//,N/A,N/A,N/A,0.0,Lvl 07,East perimeter,Landlord,15-25 Yrs,Contracted,2/2/17,8 Years,2/13/25,Pass,7402,5181,178
68d3dc07d910b6e73ca387b9,14871,VAV-07-EAST-02,3006023,Active,Other Mech. Equip,VAV - Variable Air Volume Box,Good,Trox,Tvb-a-ssp/7/0/fi//,N/A,N/A,N/A,0.0,Lvl 07,East perimeter,Landlord,15-25 Yrs,Contracted,2/2/17,8 Years,2/13/25,Pass,2624,1837,179
68d3dc07d910b6e73ca387b9,14872,VAV-07-EAST-03,3006022,Active,Other Mech. Equip,VAV - Variable Air Volume Box,Good,Trox,Tvb-a-ssp/7/0/fi//,N/A,N/A,N/A,0.0,Lvl 07,East internal,Landlord,15-25 Yrs,Contracted,2/2/17,8 Years,2/13/25,Pass,5315,3721,180
68d3dc07d910b6e73ca387b9,14873,VAV-07-EAST-04,3006021,Active,Other Mech. Equip,VAV - Variable Air Volume Box,Good,Trox,Tvb-a-ssp/7/0/fi//,N/A,N/A,N/A,0.0,Lvl 07,East internal,Landlord,15-25 Yrs,Contracted,2/2/17,8 Years,2/13/25,Pass,2727,1909,181
68d3dc07d910b6e73ca387b9,14874,VAV-07-EAST-05,3006020,Active,Other Mech. Equip,VAV - Variable Air Volume Box,Good,Trox,Tvb-a-ssp/7/0/fi//,N/A,N/A,N/A,0.0,Lvl 07,East internal,Landlord,15-25 Yrs,Contracted,2/2/17,8 Years,2/13/25,Pass,1462,1023,182
68d3dc07d910b6e73ca387b9,14875,VAV-07-EAST-06,3006019,Active,Other Mech. Equip,VAV - Variable Air Volume Box,Good,Trox,Tvb-a-ssp/7/0/fi//,N/A,N/A,N/A,0.0,Lvl 07,East internal,Landlord,15-25 Yrs,Contracted,2/2/17,8 Years,2/13/25,Pass,4220,2954,183
68d3dc07d910b6e73ca387b9,14876,VAV-07-EAST-07,3006018,Active,Other Mech. Equip,VAV - Variable Air Volume Box,Good,Trox,Tvb-a-ssp/7/0/fi//,N/A,N/A,N/A,0.0,Lvl 07,East perimeter,Landlord,15-25 Yrs,Contracted,2/2/17,8 Years,2/13/25,Pass,8719,6103,184
68d3dc07d910b6e73ca387b9,14877,VAV-07-EAST-08,3006017,Active,Other Mech. Equip,VAV - Variable Air Volume Box,Good,Trox,Tvb-a-ssp/7/0/fi//,N/A,N/A,N/A,0.0,Lvl 07,East internal,Landlord,15-25 Yrs,Contracted,2/2/17,8 Years,2/13/25,Pass,5122,3585,185
68d3dc07d910b6e73ca387b9,14878,VAV-08-WEST-01,3006048,Active,Other Mech. Equip,VAV - Variable Air Volume Box,Good,Trox,Tvb-a-ssp/7/0/fi//,N/A,N/A,N/A,0.0,Lvl 07,West perimeter,Landlord,15-25 Yrs,Contracted,2/2/17,8 Years,2/13/25,Pass,2869,2008,186
68d3dc07d910b6e73ca387b9,14879,VAV-08-WEST-02,3006047,Active,Other Mech. Equip,VAV - Variable Air Volume Box,Good,Trox,Tvb-a-ssp/7/0/fi//,N/A,N/A,N/A,0.0,Lvl 08,West perimeter,Landlord,15-25 Yrs,Contracted,2/2/17,8 Years,2/13/25,Pass,1625,1138,187
68d3dc07d910b6e73ca387b9,14880,VAV-08-WEST-03,3006046,Active,Other Mech. Equip,VAV - Variable Air Volume Box,Good,Trox,Tvb-a-ssp/7/0/fi//,N/A,N/A,N/A,0.0,Lvl 08,West internal,Landlord,15-25 Yrs,Contracted,2/2/17,8 Years,2/13/25,Pass,8352,5846,188
68d3dc07d910b6e73ca387b9,14881,VAV-08-WEST-04,3006045,Active,Other Mech. Equip,VAV - Variable Air Volume Box,Good,Trox,Tvb-a-ssp/7/0/fi//,N/A,N/A,N/A,0.0,Lvl 08,West internal,Landlord,15-25 Yrs,Contracted,2/2/17,8 Years,2/13/25,Pass,9875,6913,189
68d3dc07d910b6e73ca387b9,14882,VAV-08-WEST-05,3006044,Active,Other Mech. Equip,VAV - Variable Air Volume Box,Good,Trox,Tvb-a-ssp/7/0/fi//,N/A,N/A,N/A,0.0,Lvl 08,West internal,Landlord,15-25 Yrs,Contracted,2/2/17,8 Years,2/13/25,Pass,6184,4329,190
68d3dc07d910b6e73ca387b9,14883,VAV-08-WEST-06,3006043,Active,Other Mech. Equip,VAV - Variable Air Volume Box,Good,Trox,Tvb-a-ssp/7/0/fi//,N/A,N/A,N/A,0.0,Lvl 08,West internal,Landlord,15-25 Yrs,Contracted,2/2/17,8 Years,2/13/25,Pass,1730,1211,191
68d3dc07d910b6e73ca387b9,14884,VAV-08-WEST-07,3006042,Active,Other Mech. Equip,VAV - Variable Air Volume Box,Good,Trox,Tvb-a-ssp/7/0/fi//,N/A,N/A,N/A,0.0,Lvl 08,West perimeter,Landlord,15-25 Yrs,Contracted,2/2/17,8 Years,2/13/25,Pass,1824,1277,192
68d3dc07d910b6e73ca387b9,14885,VAV-08-WEST-08,3006041,Active,Other Mech. Equip,VAV - Variable Air Volume Box,Good,Trox,Tvb-a-ssp/7/0/fi//,N/A,N/A,N/A,0.0,Lvl 08,West perimeter,Landlord,15-25 Yrs,Contracted,2/2/17,8 Years,2/13/25,Pass,3193,2235,193
68d3dc07d910b6e73ca387b9,14886,VAV-08-EAST-01,3006040,Active,Other Mech. Equip,VAV - Variable Air Volume Box,Good,Trox,Tvb-a-ssp/7/0/fi//,N/A,N/A,N/A,0.0,Lvl 08,East perimeter,Landlord,15-25 Yrs,Contracted,2/2/17,8 Years,2/13/25,Pass,7082,4957,194
68d3dc07d910b6e73ca387b9,14887,VAV-08-EAST-02,3006039,Active,Other Mech. Equip,VAV - Variable Air Volume Box,Good,Trox,Tvb-a-ssp/7/0/fi//,N/A,N/A,N/A,0.0,Lvl 08,East perimeter,Landlord,15-25 Yrs,Contracted,2/2/17,8 Years,2/13/25,Pass,2685,1880,195
68d3dc07d910b6e73ca387b9,14888,VAV-08-EAST-03,3006038,Active,Other Mech. Equip,VAV - Variable Air Volume Box,Good,Trox,Tvb-a-ssp/7/0/fi//,N/A,N/A,N/A,0.0,Lvl 08,East internal,Landlord,15-25 Yrs,Contracted,2/2/17,8 Years,2/13/25,Pass,7532,5272,196
68d3dc07d910b6e73ca387b9,14889,VAV-08-EAST-04,3006037,Active,Other Mech. Equip,VAV - Variable Air Volume Box,Good,Trox,Tvb-a-ssp/7/0/fi//,N/A,N/A,N/A,0.0,Lvl 08,East internal,Landlord,15-25 Yrs,Contracted,2/2/17,8 Years,2/13/25,Pass,4944,3461,197
68d3dc07d910b6e73ca387b9,14890,VAV-08-EAST-05,3006036,Active,Other Mech. Equip,VAV - Variable Air Volume Box,Good,Trox,Tvb-a-ssp/7/0/fi//,N/A,N/A,N/A,0.0,Lvl 08,East internal,Landlord,15-25 Yrs,Contracted,2/2/17,8 Years,2/13/25,Pass,6431,4502,198
68d3dc07d910b6e73ca387b9,14891,VAV-08-EAST-06,3006035,Active,Other Mech. Equip,VAV - Variable Air Volume Box,Good,Trox,Tvb-a-ssp/7/0/fi//,N/A,N/A,N/A,0.0,Lvl 08,East internal,Landlord,15-25 Yrs,Contracted,2/2/17,8 Years,2/13/25,Pass,6501,4551,199
68d3dc07d910b6e73ca387b9,14892,VAV-08-EAST-07,3006034,Active,Other Mech. Equip,VAV - Variable Air Volume Box,Good,Trox,Tvb-a-ssp/7/0/fi//,N/A,N/A,N/A,0.0,Lvl 08,East perimeter,Landlord,15-25 Yrs,Contracted,2/2/17,8 Years,2/13/25,Pass,8851,6196,200
68d3dc07d910b6e73ca387b9,14893,VAV-08-EAST-08,3006033,Active,Other Mech. Equip,VAV - Variable Air Volume Box,Good,Trox,Tvb-a-ssp/7/0/fi//,N/A,N/A,N/A,0.0,Lvl 08,East perimeter,Landlord,15-25 Yrs,Contracted,2/2/17,8 Years,2/13/25,Pass,5921,4145,201
68d3dc07d910b6e73ca387b9,14894,VAV-09-WEST-01,3009016,Active,Other Mech. Equip,VAV - Variable Air Volume Box,Good,Trox,Tvb-a-ssp/7/0/fi//,N/A,N/A,N/A,0.0,Lvl 08,West perimeter,Landlord,15-25 Yrs,Contracted,2/2/17,8 Years,2/13/25,Pass,3788,2652,202
68d3dc07d910b6e73ca387b9,14895,VAV-09-WEST-02,3009015,Active,Other Mech. Equip,VAV - Variable Air Volume Box,Good,Trox,Tvb-a-ssp/7/0/fi//,N/A,N/A,N/A,0.0,Lvl 09,West perimeter,Landlord,15-25 Yrs,Contracted,2/2/17,8 Years,2/13/25,Pass,7138,4997,203
68d3dc07d910b6e73ca387b9,14896,VAV-09-WEST-03,3009014,Active,Other Mech. Equip,VAV - Variable Air Volume Box,Good,Trox,Tvb-a-ssp/7/0/fi//,N/A,N/A,N/A,0.0,Lvl 09,West internal,Landlord,15-25 Yrs,Contracted,2/2/17,8 Years,2/13/25,Pass,9247,6473,204
68d3dc07d910b6e73ca387b9,14897,VAV-09-WEST-04,3009013,Active,Other Mech. Equip,VAV - Variable Air Volume Box,Good,Trox,Tvb-a-ssp/7/0/fi//,N/A,N/A,N/A,0.0,Lvl 09,West internal,Landlord,15-25 Yrs,Contracted,2/2/17,8 Years,2/13/25,Pass,9799,6859,205
68d3dc07d910b6e73ca387b9,14898,VAV-09-WEST-05,3009012,Active,Other Mech. Equip,VAV - Variable Air Volume Box,Good,Trox,Tvb-a-ssp/7/0/fi//,N/A,N/A,N/A,0.0,Lvl 09,West internal,Landlord,15-25 Yrs,Contracted,2/2/17,8 Years,2/13/25,Pass,7001,4901,206
68d3dc07d910b6e73ca387b9,14899,VAV-09-WEST-06,3009011,Active,Other Mech. Equip,VAV - Variable Air Volume Box,Good,Trox,Tvb-a-ssp/7/0/fi//,N/A,N/A,N/A,0.0,Lvl 09,West internal,Landlord,15-25 Yrs,Contracted,2/2/17,8 Years,2/13/25,Pass,7052,4936,207
68d3dc07d910b6e73ca387b9,14900,VAV-09-WEST-07,3009010,Active,Other Mech. Equip,VAV - Variable Air Volume Box,Good,Trox,Tvb-a-ssp/7/0/fi//,N/A,N/A,N/A,0.0,Lvl 09,West perimeter,Landlord,15-25 Yrs,Contracted,2/2/17,8 Years,2/13/25,Pass,7606,5324,208
68d3dc07d910b6e73ca387b9,14901,VAV-09-WEST-08,3009009,Active,Other Mech. Equip,VAV - Variable Air Volume Box,Good,Trox,Tvb-a-ssp/7/0/fi//,N/A,N/A,N/A,0.0,Lvl 09,West perimeter,Landlord,15-25 Yrs,Contracted,2/2/17,8 Years,2/13/25,Pass,3394,2376,209
68d3dc07d910b6e73ca387b9,14902,VAV-01-EAST-04,3002027,Active,Other Mech. Equip,VAV - Variable Air Volume Box,Good,Trox,Tvb-a-ssp/7/0/fi//,N/A,N/A,N/A,0.0,Lvl 01,East perimeter,Landlord,15-25 Yrs,Contracted,2/2/17,8 Years,2/13/25,Pass,5111,3578,210
68d3dc07d910b6e73ca387b9,14903,VAV-09-EAST-01,3009008,Active,Other Mech. Equip,VAV - Variable Air Volume Box,Good,Trox,Tvb-a-ssp/7/0/fi//,N/A,N/A,N/A,0.0,Lvl 09,East perimeter,Landlord,15-25 Yrs,Contracted,2/2/17,8 Years,2/13/25,Pass,1233,863,211
68d3dc07d910b6e73ca387b9,14904,VAV-09-EAST-02,3009007,Active,Other Mech. Equip,VAV - Variable Air Volume Box,Good,Trox,Tvb-a-ssp/7/0/fi//,N/A,N/A,N/A,0.0,Lvl 09,East perimeter,Landlord,15-25 Yrs,Contracted,2/2/17,8 Years,2/13/25,Pass,4455,3119,212
68d3dc07d910b6e73ca387b9,14905,VAV-09-EAST-03,3009006,Active,Other Mech. Equip,VAV - Variable Air Volume Box,Good,Trox,Tvb-a-ssp/7/0/fi//,N/A,N/A,N/A,0.0,Lvl 09,East internal,Landlord,15-25 Yrs,Contracted,2/2/17,8 Years,2/13/25,Pass,4245,2972,213
68d3dc07d910b6e73ca387b9,14906,VAV-09-EAST-04,3009005,Active,Other Mech. Equip,VAV - Variable Air Volume Box,Good,Trox,Tvb-a-ssp/7/0/fi//,N/A,N/A,N/A,0.0,Lvl 09,East internal,Landlord,15-25 Yrs,Contracted,2/2/17,8 Years,2/13/25,Pass,1435,1005,214
68d3dc07d910b6e73ca387b9,14907,VAV-09-EAST-05,3009004,Active,Other Mech. Equip,VAV - Variable Air Volume Box,Good,Trox,Tvb-a-ssp/7/0/fi//,N/A,N/A,N/A,0.0,Lvl 09,East internal,Landlord,15-25 Yrs,Contracted,2/2/17,8 Years,2/13/25,Pass,4860,3402,215
68d3dc07d910b6e73ca387b9,14908,VAV-09-EAST-06,3009003,Active,Other Mech. Equip,VAV - Variable Air Volume Box,Good,Trox,Tvb-a-ssp/7/0/fi//,N/A,N/A,N/A,0.0,Lvl 09,East internal,Landlord,15-25 Yrs,Contracted,2/2/17,8 Years,2/13/25,Pass,6662,4663,216
68d3dc07d910b6e73ca387b9,14909,VAV-09-EAST-07,3009002,Active,Other Mech. Equip,VAV - Variable Air Volume Box,Good,Trox,Tvb-a-ssp/7/0/fi//,N/A,N/A,N/A,0.0,Lvl 09,East perimeter,Landlord,15-25 Yrs,Contracted,2/2/17,8 Years,2/13/25,Pass,3165,2216,217
68d3dc07d910b6e73ca387b9,14910,VAV-09-EAST-08,3009001,Active,Other Mech. Equip,VAV - Variable Air Volume Box,Good,Trox,Tvb-a-ssp/7/0/fi//,N/A,N/A,N/A,0.0,Lvl 09,East internal,Landlord,15-25 Yrs,Contracted,2/2/17,8 Years,2/13/25,Pass,7858,5501,218
68d3dc07d910b6e73ca387b9,14911,VAV-10-WEST-01,3009032,Active,Other Mech. Equip,VAV - Variable Air Volume Box,Good,Trox,Tvb-a-ssp/7/0/fi//,N/A,N/A,N/A,0.0,Lvl 09,West perimeter,Landlord,15-25 Yrs,Contracted,2/2/17,8 Years,3/20/25,Pass,8248,5774,219
68d3dc07d910b6e73ca387b9,14912,VAV-10-WEST-02,3009031,Active,Other Mech. Equip,VAV - Variable Air Volume Box,Good,Trox,Tvb-a-ssp/7/0/fi//,N/A,N/A,N/A,0.0,Lvl 10,West perimeter,Landlord,15-25 Yrs,Contracted,2/2/17,8 Years,2/13/25,Pass,1203,842,220
68d3dc07d910b6e73ca387b9,14913,VAV-10-WEST-03,3009030,Active,Other Mech. Equip,VAV - Variable Air Volume Box,Good,Trox,Tvb-a-ssp/7/0/fi//,N/A,N/A,N/A,0.0,Lvl 10,West internal,Landlord,15-25 Yrs,Contracted,2/2/17,8 Years,2/13/25,Pass,7483,5238,221
68d3dc07d910b6e73ca387b9,14914,VAV-10-WEST-04,3009029,Active,Other Mech. Equip,VAV - Variable Air Volume Box,Good,Trox,Tvb-a-ssp/7/0/fi//,N/A,N/A,N/A,0.0,Lvl 10,West internal,Landlord,15-25 Yrs,Contracted,2/2/17,8 Years,2/13/25,Pass,5561,3893,222
68d3dc07d910b6e73ca387b9,14915,VAV-10-WEST-05,3009028,Active,Other Mech. Equip,VAV - Variable Air Volume Box,Good,Trox,Tvb-a-ssp/7/0/fi//,N/A,N/A,N/A,0.0,Lvl 10,West internal,Landlord,15-25 Yrs,Contracted,2/2/17,8 Years,2/13/25,Pass,5190,3633,223
68d3dc07d910b6e73ca387b9,14916,VAV-10-WEST-06,3009027,Active,Other Mech. Equip,VAV - Variable Air Volume Box,Good,Trox,Tvb-a-ssp/7/0/fi//,N/A,N/A,N/A,0.0,Lvl 10,West internal,Landlord,15-25 Yrs,Contracted,2/2/17,8 Years,2/13/25,Pass,7255,5079,224
68d3dc07d910b6e73ca387b9,14917,VAV-10-WEST-07,3009026,Active,Other Mech. Equip,VAV - Variable Air Volume Box,Good,Trox,Tvb-a-ssp/7/0/fi//,N/A,N/A,N/A,0.0,Lvl 10,West perimeter,Landlord,15-25 Yrs,Contracted,2/2/17,8 Years,2/13/25,Pass,2035,1425,225
68d3dc07d910b6e73ca387b9,14918,VAV-10-WEST-08,3009025,Active,Other Mech. Equip,VAV - Variable Air Volume Box,Good,Trox,Tvb-a-ssp/7/0/fi//,N/A,N/A,N/A,0.0,Lvl 10,West perimeter,Landlord,15-25 Yrs,Contracted,2/2/17,8 Years,2/13/25,Pass,8241,5769,226
68d3dc07d910b6e73ca387b9,14919,VAV-10-EAST-01,3009024,Active,Other Mech. Equip,VAV - Variable Air Volume Box,Good,Trox,Tvb-a-ssp/7/0/fi//,N/A,N/A,N/A,0.0,Lvl 10,East perimeter,Landlord,15-25 Yrs,Contracted,2/2/17,8 Years,2/13/25,Pass,2321,1625,227
68d3dc07d910b6e73ca387b9,14920,VAV-10-EAST-02,3009023,Active,Other Mech. Equip,VAV - Variable Air Volume Box,Good,Trox,Tvb-a-ssp/7/0/fi//,N/A,N/A,N/A,0.0,Lvl 10,East perimeter,Landlord,15-25 Yrs,Contracted,2/2/17,8 Years,2/13/25,Pass,4562,3193,228
68d3dc07d910b6e73ca387b9,14921,VAV-10-EAST-03,3009022,Active,Other Mech. Equip,VAV - Variable Air Volume Box,Good,Trox,Tvb-a-ssp/7/0/fi//,N/A,N/A,N/A,0.0,Lvl 10,East internal,Landlord,15-25 Yrs,Contracted,2/2/17,8 Years,2/13/25,Pass,1474,1032,229
68d3dc07d910b6e73ca387b9,14922,VAV-10-EAST-04,3009021,Active,Other Mech. Equip,VAV - Variable Air Volume Box,Good,Trox,Tvb-a-ssp/7/0/fi//,N/A,N/A,N/A,0.0,Lvl 10,East internal,Landlord,15-25 Yrs,Contracted,2/2/17,8 Years,2/13/25,Pass,9644,6751,230
68d3dc07d910b6e73ca387b9,14923,VAV-10-EAST-05,3009020,Active,Other Mech. Equip,VAV - Variable Air Volume Box,Good,Trox,Tvb-a-ssp/7/0/fi//,N/A,N/A,N/A,0.0,Lvl 10,East internal,Landlord,15-25 Yrs,Contracted,2/2/17,8 Years,2/13/25,Pass,3202,2241,231
68d3dc07d910b6e73ca387b9,14924,VAV-10-EAST-06,3009019,Active,Other Mech. Equip,VAV - Variable Air Volume Box,Good,Trox,Tvb-a-ssp/7/0/fi//,N/A,N/A,N/A,0.0,Lvl 10,East internal,Landlord,15-25 Yrs,Contracted,2/2/17,8 Years,2/13/25,Pass,2375,1663,232
68d3dc07d910b6e73ca387b9,14925,VAV-10-EAST-07,3009018,Active,Other Mech. Equip,VAV - Variable Air Volume Box,Good,Trox,Tvb-a-ssp/7/0/fi//,N/A,N/A,N/A,0.0,Lvl 10,East perimeter,Landlord,15-25 Yrs,Contracted,2/2/17,8 Years,2/13/25,Pass,7537,5276,233
68d3dc07d910b6e73ca387b9,14926,VAV-10-EAST-08,3009017,Active,Other Mech. Equip,VAV - Variable Air Volume Box,Good,Trox,Tvb-a-ssp/7/0/fi//,N/A,N/A,N/A,0.0,Lvl 10,East internal,Landlord,15-25 Yrs,Contracted,2/2/17,8 Years,2/13/25,Pass,3836,2685,234
68d3dc07d910b6e73ca387b9,14927,VAV-11-WEST-01,3009048,Active,Other Mech. Equip,VAV - Variable Air Volume Box,Good,Trox,Tvb-a-ssp/7/0/fi//,N/A,N/A,N/A,0.0,Lvl 10,West perimeter,Landlord,15-25 Yrs,Contracted,2/2/17,8 Years,2/13/25,Pass,1658,1161,235
68d3dc07d910b6e73ca387b9,14928,VAV-11-WEST-02,3009047,Active,Other Mech. Equip,VAV - Variable Air Volume Box,Good,Trox,Tvb-a-ssp/7/0/fi//,N/A,N/A,N/A,0.0,Lvl 11,West perimeter,Landlord,15-25 Yrs,Contracted,2/2/17,8 Years,2/13/25,Pass,8603,6022,236
68d3dc07d910b6e73ca387b9,14929,VAV-11-WEST-03,3009046,Active,Other Mech. Equip,VAV - Variable Air Volume Box,Good,Trox,Tvb-a-ssp/7/0/fi//,N/A,N/A,N/A,0.0,Lvl 11,West internal,Landlord,15-25 Yrs,Contracted,2/2/17,8 Years,2/13/25,Pass,1713,1199,237
68d3dc07d910b6e73ca387b9,14930,VAV-11-WEST-04,3009045,Active,Other Mech. Equip,VAV - Variable Air Volume Box,Good,Trox,Tvb-a-ssp/7/0/fi//,N/A,N/A,N/A,0.0,Lvl 11,West internal,Landlord,15-25 Yrs,Contracted,2/2/17,8 Years,2/13/25,Pass,4810,3367,238
68d3dc07d910b6e73ca387b9,14931,VAV-11-WEST-05,3009044,Active,Other Mech. Equip,VAV - Variable Air Volume Box,Good,Trox,Tvb-a-ssp/7/0/fi//,N/A,N/A,N/A,0.0,Lvl 11,West internal,Landlord,15-25 Yrs,Contracted,2/2/17,8 Years,2/13/25,Pass,7548,5284,239
68d3dc07d910b6e73ca387b9,14932,VAV-11-WEST-06,3009043,Active,Other Mech. Equip,VAV - Variable Air Volume Box,Good,Trox,Tvb-a-ssp/7/0/fi//,N/A,N/A,N/A,0.0,Lvl 11,West internal,Landlord,15-25 Yrs,Contracted,2/2/17,8 Years,2/13/25,Pass,1542,1079,240
68d3dc07d910b6e73ca387b9,14933,VAV-11-WEST-07,3009042,Active,Other Mech. Equip,VAV - Variable Air Volume Box,Good,Trox,Tvb-a-ssp/7/0/fi//,N/A,N/A,N/A,0.0,Lvl 11,West perimeter,Landlord,15-25 Yrs,Contracted,2/2/17,8 Years,2/13/25,Pass,2933,2053,241
68d3dc07d910b6e73ca387b9,14934,VAV-11-WEST-08,3009041,Active,Other Mech. Equip,VAV - Variable Air Volume Box,Good,Trox,Tvb-a-ssp/7/0/fi//,N/A,N/A,N/A,0.0,Lvl 11,West perimeter,Landlord,15-25 Yrs,Contracted,2/2/17,8 Years,2/13/25,Pass,6353,4447,242
68d3dc07d910b6e73ca387b9,14935,VAV-11-EAST-01,3009040,Active,Other Mech. Equip,VAV - Variable Air Volume Box,Good,Trox,Tvb-a-ssp/7/0/fi//,N/A,N/A,N/A,0.0,Lvl 11,East perimeter,Landlord,15-25 Yrs,Contracted,2/2/17,8 Years,2/13/25,Pass,8310,5817,243
68d3dc07d910b6e73ca387b9,14936,VAV-11-EAST-02,3009039,Active,Other Mech. Equip,VAV - Variable Air Volume Box,Good,Trox,Tvb-a-ssp/7/0/fi//,N/A,N/A,N/A,0.0,Lvl 11,East perimeter,Landlord,15-25 Yrs,Contracted,2/2/17,8 Years,2/13/25,Pass,3180,2226,244
68d3dc07d910b6e73ca387b9,14937,VAV-11-EAST-03,3009038,Active,Other Mech. Equip,VAV - Variable Air Volume Box,Good,Trox,Tvb-a-ssp/7/0/fi//,N/A,N/A,N/A,0.0,Lvl 11,East internal,Landlord,15-25 Yrs,Contracted,2/2/17,8 Years,2/13/25,Pass,4919,3443,245
68d3dc07d910b6e73ca387b9,14938,VAV-11-EAST-04,3009037,Active,Other Mech. Equip,VAV - Variable Air Volume Box,Good,Trox,Tvb-a-ssp/7/0/fi//,N/A,N/A,N/A,0.0,Lvl 11,East internal,Landlord,15-25 Yrs,Contracted,2/2/17,8 Years,2/13/25,Pass,5051,3536,246
68d3dc07d910b6e73ca387b9,14939,VAV-11-EAST-05,3009036,Active,Other Mech. Equip,VAV - Variable Air Volume Box,Good,Trox,Tvb-a-ssp/7/0/fi//,N/A,N/A,N/A,0.0,Lvl 11,East internal,Landlord,15-25 Yrs,Contracted,2/2/17,8 Years,2/13/25,Pass,4871,3410,247
68d3dc07d910b6e73ca387b9,14940,VAV-11-EAST-06,3009035,Active,Other Mech. Equip,VAV - Variable Air Volume Box,Good,Trox,Tvb-a-ssp/7/0/fi//,N/A,N/A,N/A,0.0,Lvl 11,East internal,Landlord,15-25 Yrs,Contracted,2/2/17,8 Years,2/13/25,Pass,5802,4061,248
68d3dc07d910b6e73ca387b9,14941,VAV-11-EAST-07,3009034,Active,Other Mech. Equip,VAV - Variable Air Volume Box,Good,Trox,Tvb-a-ssp/7/0/fi//,N/A,N/A,N/A,0.0,Lvl 11,East perimeter,Landlord,15-25 Yrs,Contracted,2/2/17,8 Years,2/13/25,Pass,2605,1824,249
68d3dc07d910b6e73ca387b9,14942,VAV-11-EAST-08,3009033,Active,Other Mech. Equip,VAV - Variable Air Volume Box,Good,Trox,Tvb-a-ssp/7/0/fi//,N/A,N/A,N/A,0.0,Lvl 11,East internal,Landlord,15-25 Yrs,Contracted,2/2/17,8 Years,2/13/25,Pass,8022,5615,250
68d3dc07d910b6e73ca387b9,14972,VAV-12-WEST-01,3012016,Active,Other Mech. Equip,VAV - Variable Air Volume Box,Good,Trox,Tvb-a-ssp/7/0/fi//,N/A,N/A,N/A,0.0,Lvl 11,West perimeter,Landlord,15-25 Yrs,Contracted,2/2/17,8 Years,2/13/25,Pass,2609,1826,251
68d3dc07d910b6e73ca387b9,14973,VAV-12-WEST-02,3012015,Active,Other Mech. Equip,VAV - Variable Air Volume Box,Good,Trox,Tvb-a-ssp/7/0/fi//,N/A,N/A,N/A,0.0,Lvl 12,West perimeter,Landlord,15-25 Yrs,Contracted,2/2/17,8 Years,2/13/25,Pass,2705,1894,252
68d3dc07d910b6e73ca387b9,14974,VAV-12-WEST-03,3012014,Active,Other Mech. Equip,VAV - Variable Air Volume Box,Good,Trox,Tvb-a-ssp/7/0/fi//,N/A,N/A,N/A,0.0,Lvl 12,West internal,Landlord,15-25 Yrs,Contracted,2/2/17,8 Years,2/13/25,Pass,8528,5970,253
68d3dc07d910b6e73ca387b9,14975,VAV-12-WEST-04,3012013,Active,Other Mech. Equip,VAV - Variable Air Volume Box,Good,Trox,Tvb-a-ssp/7/0/fi//,N/A,N/A,N/A,0.0,Lvl 12,West internal,Landlord,15-25 Yrs,Contracted,2/2/17,8 Years,2/13/25,Pass,6829,4780,254
68d3dc07d910b6e73ca387b9,14976,VAV-12-WEST-05,3012012,Active,Other Mech. Equip,VAV - Variable Air Volume Box,Good,Trox,Tvb-a-ssp/7/0/fi//,N/A,N/A,N/A,0.0,Lvl 12,West internal,Landlord,15-25 Yrs,Contracted,2/2/17,8 Years,2/13/25,Pass,3668,2568,255
68d3dc07d910b6e73ca387b9,14977,VAV-12-WEST-06,3012011,Active,Other Mech. Equip,VAV - Variable Air Volume Box,Good,Trox,Tvb-a-ssp/7/0/fi//,N/A,N/A,N/A,0.0,Lvl 12,West internal,Landlord,15-25 Yrs,Contracted,2/2/17,8 Years,2/13/25,Pass,7836,5485,256
68d3dc07d910b6e73ca387b9,14978,VAV-12-WEST-07,3012010,Active,Other Mech. Equip,VAV - Variable Air Volume Box,Good,Trox,Tvb-a-ssp/7/0/fi//,N/A,N/A,N/A,0.0,Lvl 12,West perimeter,Landlord,15-25 Yrs,Contracted,2/2/17,8 Years,2/13/25,Pass,5953,4167,257
68d3dc07d910b6e73ca387b9,14979,VAV-12-WEST-08,3012009,Active,Other Mech. Equip,VAV - Variable Air Volume Box,Good,Trox,Tvb-a-ssp/7/0/fi//,N/A,N/A,N/A,0.0,Lvl 12,West perimeter,Landlord,15-25 Yrs,Contracted,2/2/17,8 Years,2/13/25,Pass,3721,2605,258
68d3dc07d910b6e73ca387b9,14980,VAV-12-EAST-01,3012008,Active,Other Mech. Equip,VAV - Variable Air Volume Box,Good,Trox,Tvb-a-ssp/7/0/fi//,N/A,N/A,N/A,0.0,Lvl 12,East perimeter,Landlord,15-25 Yrs,Contracted,2/2/17,8 Years,2/13/25,Pass,1901,1331,259
68d3dc07d910b6e73ca387b9,14981,VAV-12-EAST-02,3012007,Active,Other Mech. Equip,VAV - Variable Air Volume Box,Good,Trox,Tvb-a-ssp/7/0/fi//,N/A,N/A,N/A,0.0,Lvl 12,East perimeter,Landlord,15-25 Yrs,Contracted,2/2/17,8 Years,2/13/25,Pass,7368,5158,260
68d3dc07d910b6e73ca387b9,14982,VAV-12-EAST-03,3012006,Active,Other Mech. Equip,VAV - Variable Air Volume Box,Good,Trox,Tvb-a-ssp/7/0/fi//,N/A,N/A,N/A,0.0,Lvl 12,East internal,Landlord,15-25 Yrs,Contracted,2/2/17,8 Years,2/13/25,Pass,8488,5942,261
68d3dc07d910b6e73ca387b9,14983,VAV-12-EAST-04,3012005,Active,Other Mech. Equip,VAV - Variable Air Volume Box,Good,Trox,Tvb-a-ssp/7/0/fi//,N/A,N/A,N/A,0.0,Lvl 12,East internal,Landlord,15-25 Yrs,Contracted,2/2/17,8 Years,2/13/25,Pass,2324,1627,262
68d3dc07d910b6e73ca387b9,14984,VAV-12-EAST-05,3012004,Active,Other Mech. Equip,VAV - Variable Air Volume Box,Good,Trox,Tvb-a-ssp/7/0/fi//,N/A,N/A,N/A,0.0,Lvl 12,East internal,Landlord,15-25 Yrs,Contracted,2/2/17,8 Years,2/13/25,Pass,9900,6930,263
68d3dc07d910b6e73ca387b9,14985,VAV-12-EAST-06,3012003,Active,Other Mech. Equip,VAV - Variable Air Volume Box,Good,Trox,Tvb-a-ssp/7/0/fi//,N/A,N/A,N/A,0.0,Lvl 12,East internal,Landlord,15-25 Yrs,Contracted,2/2/17,8 Years,2/13/25,Pass,7758,5431,264
68d3dc07d910b6e73ca387b9,14986,VAV-12-EAST-07,3012002,Active,Other Mech. Equip,VAV - Variable Air Volume Box,Good,Trox,Tvb-a-ssp/7/0/fi//,N/A,N/A,N/A,0.0,Lvl 12,East perimeter,Landlord,15-25 Yrs,Contracted,2/2/17,8 Years,2/13/25,Pass,2620,1834,265
68d3dc07d910b6e73ca387b9,14987,VAV-12-EAST-08,3012001,Active,Other Mech. Equip,VAV - Variable Air Volume Box,Good,Trox,Tvb-a-ssp/7/0/fi//,N/A,N/A,N/A,0.0,Lvl 12,East internal,Landlord,15-25 Yrs,Contracted,2/2/17,8 Years,2/13/25,Pass,1125,788,266
68d3dc07d910b6e73ca387b9,14988,VAV-13-WEST-01,3012032,Active,Other Mech. Equip,VAV - Variable Air Volume Box,Good,Trox,Tvb-a-ssp/7/0/fi//,N/A,N/A,N/A,0.0,Lvl 12,West perimeter,Landlord,15-25 Yrs,Contracted,2/2/17,8 Years,2/13/25,Pass,1588,1112,267
68d3dc07d910b6e73ca387b9,14989,VAV-13-WEST-02,3012031,Active,Other Mech. Equip,VAV - Variable Air Volume Box,Good,Trox,Tvb-a-ssp/7/0/fi//,N/A,N/A,N/A,0.0,Lvl 13,West perimeter,Landlord,15-25 Yrs,Contracted,2/2/17,8 Years,2/13/25,Pass,7399,5179,268
68d3dc07d910b6e73ca387b9,14990,VAV-13-WEST-03,3012030,Active,Other Mech. Equip,VAV - Variable Air Volume Box,Good,Trox,Tvb-a-ssp/7/0/fi//,N/A,N/A,N/A,0.0,Lvl 13,West perimeter,Landlord,15-25 Yrs,Contracted,2/2/17,8 Years,4/28/20,Pass,9162,6413,269
68d3dc07d910b6e73ca387b9,15013,VAV-13-WEST-04,3012029,Active,Other Mech. Equip,VAV - Variable Air Volume Box,Average,Trox,Tvb-a-ssp/7/0/fi//,N/A,N/A,N/A,0.0,Lvl 13,West Internal,Landlord,15-25 Yrs,Contracted,2/2/17,8 Years,2/13/25,Pass,3891,2724,270
68d3dc07d910b6e73ca387b9,15014,VAV-13-WEST-05,3012028,Active,Other Mech. Equip,VAV - Variable Air Volume Box,Average,Trox,Tvb-a-ssp/7/0/fi//,N/A,N/A,N/A,0.0,Lvl 13,West Internal,Landlord,15-25 Yrs,Contracted,2/2/17,8 Years,2/13/25,Pass,8401,5881,271
68d3dc07d910b6e73ca387b9,15015,VAV-13-WEST-06,3012027,Active,Other Mech. Equip,VAV - Variable Air Volume Box,Average,Trox,Tvb-a-ssp/7/0/fi//,N/A,N/A,N/A,0.0,Lvl 13,West Internal,Landlord,15-25 Yrs,Contracted,2/2/17,8 Years,2/13/25,Pass,5837,4086,272
68d3dc07d910b6e73ca387b9,15016,VAV-13-WEST-07,3012026,Active,Other Mech. Equip,VAV - Variable Air Volume Box,Average,Trox,Tvb-a-ssp/7/0/fi//,N/A,N/A,N/A,0.0,Lvl 13,West Perimeter,Landlord,15-25 Yrs,Contracted,2/2/17,8 Years,2/13/25,Pass,9832,6882,273
68d3dc07d910b6e73ca387b9,15017,VAV-13-WEST-08,3012025,Active,Other Mech. Equip,VAV - Variable Air Volume Box,Average,Trox,Tvb-a-ssp/7/0/fi//,N/A,N/A,N/A,0.0,Lvl 13,West Perimeter,Landlord,15-25 Yrs,Contracted,2/2/17,8 Years,2/13/25,Pass,7259,5081,274
68d3dc07d910b6e73ca387b9,15018,VAV-13-EAST-01,3012024,Active,Other Mech. Equip,VAV - Variable Air Volume Box,Average,Trox,Tvb-a-ssp/7/0/fi//,N/A,N/A,N/A,0.0,Lvl 13,East perimeter,Landlord,15-25 Yrs,Contracted,2/2/17,8 Years,2/13/25,Pass,3947,2763,275
68d3dc07d910b6e73ca387b9,15019,VAV-13-EAST-02,3012023,Active,Other Mech. Equip,VAV - Variable Air Volume Box,Average,Trox,Tvb-a-ssp/7/0/fi//,N/A,N/A,N/A,0.0,Lvl 13,East perimeter,Landlord,15-25 Yrs,Contracted,2/2/17,8 Years,2/13/25,Pass,2194,1536,276
68d3dc07d910b6e73ca387b9,15020,VAV-13-EAST-03,3012022,Active,Other Mech. Equip,VAV - Variable Air Volume Box,Average,Trox,Tvb-a-ssp/7/0/fi//,N/A,N/A,N/A,0.0,Lvl 13,East internal,Landlord,15-25 Yrs,Contracted,2/2/17,8 Years,2/13/25,Pass,2180,1526,277
68d3dc07d910b6e73ca387b9,15021,VAV-13-EAST-04,3012021,Active,Other Mech. Equip,VAV - Variable Air Volume Box,Average,Trox,Tvb-a-ssp/7/0/fi//,N/A,N/A,N/A,0.0,Lvl 13,East internal,Landlord,15-25 Yrs,Contracted,2/2/17,8 Years,2/13/25,Pass,2509,1756,278
68d3dc07d910b6e73ca387b9,15022,VAV-13-EAST-05,3012020,Active,Other Mech. Equip,VAV - Variable Air Volume Box,Average,Trox,Tvb-a-ssp/7/0/fi//,N/A,N/A,N/A,0.0,Lvl 13,East internal,Landlord,15-25 Yrs,Contracted,2/2/17,8 Years,2/13/25,Pass,4261,2983,279
68d3dc07d910b6e73ca387b9,15023,VAV-13-EAST-06,3012019,Active,Other Mech. Equip,VAV - Variable Air Volume Box,Average,Trox,Tvb-a-ssp/7/0/fi//,N/A,N/A,N/A,0.0,Lvl 13,East internal,Landlord,15-25 Yrs,Contracted,2/2/17,8 Years,2/13/25,Pass,5703,3992,280
68d3dc07d910b6e73ca387b9,15024,VAV-13-EAST-07,3012018,Active,Other Mech. Equip,VAV - Variable Air Volume Box,Average,Trox,Tvb-a-ssp/7/0/fi//,N/A,N/A,N/A,0.0,Lvl 13,East perimeter,Landlord,15-25 Yrs,Contracted,2/2/17,8 Years,2/13/25,Pass,6186,4330,281
68d3dc07d910b6e73ca387b9,15025,VAV-13-EAST-08,3012017,Active,Other Mech. Equip,VAV - Variable Air Volume Box,Average,Trox,Tvb-a-ssp/7/0/fi//,N/A,N/A,N/A,0.0,Lvl 13,East internal,Landlord,15-25 Yrs,Contracted,2/2/17,8 Years,2/13/25,Pass,8728,6110,282
68d3dc07d910b6e73ca387b9,15026,VAV-14-WEST-01,3012048,Active,Other Mech. Equip,VAV - Variable Air Volume Box,Average,Trox,Tvb-a-ssp/7/0/fi//,N/A,N/A,N/A,0.0,Lvl 13,West perimeter,Landlord,15-25 Yrs,Contracted,2/2/17,8 Years,2/13/25,Pass,3832,2682,283
68d3dc07d910b6e73ca387b9,15027,VAV-14-WEST-02,3012047,Active,Other Mech. Equip,VAV - Variable Air Volume Box,Average,Trox,Tvb-a-ssp/7/0/fi//,N/A,N/A,N/A,0.0,Lvl 14,West perimeter,Landlord,15-25 Yrs,Contracted,2/2/17,8 Years,2/13/25,Pass,3359,2351,284
68d3dc07d910b6e73ca387b9,15028,VAV-14-WEST-03,3012046,Active,Other Mech. Equip,VAV - Variable Air Volume Box,Average,Trox,Tvb-a-ssp/7/0/fi//,N/A,N/A,N/A,0.0,Lvl 14,West internal,Landlord,15-25 Yrs,Contracted,2/2/17,8 Years,2/13/25,Pass,1800,1260,285
68d3dc07d910b6e73ca387b9,15029,VAV-14-WEST-04,3012045,Active,Other Mech. Equip,VAV - Variable Air Volume Box,Average,Trox,Tvb-a-ssp/7/0/fi//,N/A,N/A,N/A,0.0,Lvl 14,West internal,Landlord,15-25 Yrs,Contracted,2/2/17,8 Years,2/13/25,Pass,7856,5499,286
68d3dc07d910b6e73ca387b9,15030,VAV-14-WEST-05,3012044,Active,Other Mech. Equip,VAV - Variable Air Volume Box,Average,Trox,Tvb-a-ssp/7/0/fi//,N/A,N/A,N/A,0.0,Lvl 14,West internal,Landlord,15-25 Yrs,Contracted,2/2/17,8 Years,2/13/25,Pass,1581,1107,287
68d3dc07d910b6e73ca387b9,15031,VAV-14-WEST-06,3012043,Active,Other Mech. Equip,VAV - Variable Air Volume Box,Average,Trox,Tvb-a-ssp/7/0/fi//,N/A,N/A,N/A,0.0,Lvl 14,West internal,Landlord,15-25 Yrs,Contracted,2/2/17,8 Years,2/13/25,Pass,1104,773,288
68d3dc07d910b6e73ca387b9,15032,VAV-14-WEST-07,3012042,Active,Other Mech. Equip,VAV - Variable Air Volume Box,Average,Trox,Tvb-a-ssp/7/0/fi//,N/A,N/A,N/A,0.0,Lvl 14,West perimeter,Landlord,15-25 Yrs,Contracted,2/2/17,8 Years,2/13/25,Pass,2371,1660,289
68d3dc07d910b6e73ca387b9,15033,VAV-14-WEST-08,3012041,Active,Other Mech. Equip,VAV - Variable Air Volume Box,Average,Trox,Tvb-a-ssp/7/0/fi//,N/A,N/A,N/A,0.0,Lvl 14,West perimeter,Landlord,15-25 Yrs,Contracted,2/2/17,8 Years,2/13/25,Pass,7130,4991,290
68d3dc07d910b6e73ca387b9,15034,VAV-14-EAST-01,3012040,Active,Other Mech. Equip,VAV - Variable Air Volume Box,Average,Trox,Tvb-a-ssp/7/0/fi//,N/A,N/A,N/A,0.0,Lvl 14,East perimeter,Landlord,15-25 Yrs,Contracted,2/2/17,8 Years,2/13/25,Pass,1158,811,291
68d3dc07d910b6e73ca387b9,15035,VAV-14-EAST-02,3012039,Active,Other Mech. Equip,VAV - Variable Air Volume Box,Average,Trox,Tvb-a-ssp/7/0/fi//,N/A,N/A,N/A,0.0,Lvl 14,East perimeter,Landlord,15-25 Yrs,Contracted,2/2/17,8 Years,2/13/25,Pass,2812,1968,292
68d3dc07d910b6e73ca387b9,15036,VAV-14-EAST-03,3012038,Active,Other Mech. Equip,VAV - Variable Air Volume Box,Average,Trox,Tvb-a-ssp/7/0/fi//,N/A,N/A,N/A,0.0,Lvl 14,East internal,Landlord,15-25 Yrs,Contracted,2/2/17,8 Years,2/13/25,Pass,9126,6388,293
68d3dc07d910b6e73ca387b9,15037,VAV-14-EAST-04,3012037,Active,Other Mech. Equip,VAV - Variable Air Volume Box,Average,Trox,Tvb-a-ssp/7/0/fi//,N/A,N/A,N/A,0.0,Lvl 14,East internal,Landlord,15-25 Yrs,Contracted,2/2/17,8 Years,2/13/25,Pass,8199,5739,294
68d3dc07d910b6e73ca387b9,15038,VAV-14-EAST-05,3012036,Active,Other Mech. Equip,VAV - Variable Air Volume Box,Average,Trox,Tvb-a-ssp/7/0/fi//,N/A,N/A,N/A,0.0,Lvl 14,East internal,Landlord,15-25 Yrs,Contracted,2/2/17,8 Years,2/13/25,Pass,4531,3172,295
68d3dc07d910b6e73ca387b9,15039,VAV-14-EAST-06,3012035,Active,Other Mech. Equip,VAV - Variable Air Volume Box,Average,Trox,Tvb-a-ssp/7/0/fi//,N/A,N/A,N/A,0.0,Lvl 14,East internal,Landlord,15-25 Yrs,Contracted,2/2/17,8 Years,2/13/25,Pass,2408,1686,296
68d3dc07d910b6e73ca387b9,15040,VAV-14-EAST-07,3012034,Active,Other Mech. Equip,VAV - Variable Air Volume Box,Average,Trox,Tvb-a-ssp/7/0/fi//,N/A,N/A,N/A,0.0,Lvl 14,East perimeter,Landlord,15-25 Yrs,Contracted,2/2/17,8 Years,2/13/25,Pass,5046,3532,297
68d3dc07d910b6e73ca387b9,15041,VAV-14-EAST-08,3012033,Active,Other Mech. Equip,VAV - Variable Air Volume Box,Average,Trox,Tvb-a-ssp/7/0/fi//,N/A,N/A,N/A,0.0,Lvl 14,East internal,Landlord,15-25 Yrs,Contracted,2/2/17,8 Years,2/13/25,Pass,4937,3456,298
68d3dc07d910b6e73ca387b9,15042,VAV-15-WEST-01,3015016,Active,Other Mech. Equip,VAV - Variable Air Volume Box,Average,Trox,Tvb-a-ssp/7/0/fi//,N/A,N/A,N/A,0.0,Lvl 14,West perimeter,Landlord,15-25 Yrs,Contracted,2/2/17,8 Years,2/13/25,Pass,3802,2661,299
68d3dc07d910b6e73ca387b9,15043,VAV-15-WEST-02,3015015,Active,Other Mech. Equip,VAV - Variable Air Volume Box,Average,Trox,Tvb-a-ssp/7/0/fi//,N/A,N/A,N/A,0.0,Lvl 15,West perimeter,Landlord,15-25 Yrs,Contracted,2/2/17,8 Years,2/13/25,Pass,9156,6409,300
68d3dc07d910b6e73ca387b9,15044,VAV-15-WEST-03,3015014,Active,Other Mech. Equip,VAV - Variable Air Volume Box,Average,Trox,Tvb-a-ssp/7/0/fi//,N/A,N/A,N/A,0.0,Lvl 15,West internal,Landlord,15-25 Yrs,Contracted,2/2/17,8 Years,2/13/25,Pass,7029,4920,301
68d3dc07d910b6e73ca387b9,15045,VAV-15-WEST-04,3015013,Active,Other Mech. Equip,VAV - Variable Air Volume Box,Average,Trox,Tvb-a-ssp/7/0/fi//,N/A,N/A,N/A,0.0,Lvl 15,West internal,Landlord,15-25 Yrs,Contracted,2/2/17,8 Years,2/13/25,Pass,7113,4979,302
68d3dc07d910b6e73ca387b9,15046,VAV-15-WEST-05,3015012,Active,Other Mech. Equip,VAV - Variable Air Volume Box,Average,Trox,Tvb-a-ssp/7/0/fi//,N/A,N/A,N/A,0.0,Lvl 15,West internal,Landlord,15-25 Yrs,Contracted,2/2/17,8 Years,2/13/25,Pass,2196,1537,303
68d3dc07d910b6e73ca387b9,15047,VAV-15-WEST-06,3015011,Active,Other Mech. Equip,VAV - Variable Air Volume Box,Average,Trox,Tvb-a-ssp/7/0/fi//,N/A,N/A,N/A,0.0,Lvl 15,West internal,Landlord,15-25 Yrs,Contracted,2/2/17,8 Years,2/13/25,Pass,7617,5332,304
68d3dc07d910b6e73ca387b9,15048,VAV-15-WEST-07,3015010,Active,Other Mech. Equip,VAV - Variable Air Volume Box,Average,Trox,Tvb-a-ssp/7/0/fi//,N/A,N/A,N/A,0.0,Lvl 15,West perimeter,Landlord,15-25 Yrs,Contracted,2/2/17,8 Years,2/13/25,Pass,4294,3006,305
68d3dc07d910b6e73ca387b9,15049,VAV-15-WEST-08,3015009,Active,Other Mech. Equip,VAV - Variable Air Volume Box,Average,Trox,Tvb-a-ssp/7/0/fi//,N/A,N/A,N/A,0.0,Lvl 15,West perimeter,Landlord,15-25 Yrs,Contracted,2/2/17,8 Years,2/13/25,Pass,4584,3209,306
68d3dc07d910b6e73ca387b9,15050,VAV-15-EAST-01,3015008,Active,Other Mech. Equip,VAV - Variable Air Volume Box,Average,Trox,Tvb-a-ssp/7/0/fi//,N/A,N/A,N/A,0.0,Lvl 15,East perimeter,Landlord,15-25 Yrs,Contracted,2/2/17,8 Years,2/13/25,Pass,7669,5368,307
68d3dc07d910b6e73ca387b9,15051,VAV-15-EAST-02,301500/,Active,Other Mech. Equip,VAV - Variable Air Volume Box,Average,Trox,Tvb-a-ssp/7/0/fi//,N/A,N/A,N/A,0.0,Lvl 15,East perimeter,Landlord,15-25 Yrs,Contracted,2/2/17,8 Years,2/13/25,Pass,5553,3887,308
68d3dc07d910b6e73ca387b9,15052,VAV-15-EAST-03,3015006,Active,Other Mech. Equip,VAV - Variable Air Volume Box,Average,Trox,Tvb-a-ssp/7/0/fi//,N/A,N/A,N/A,0.0,Lvl 15,East internal,Landlord,15-25 Yrs,Contracted,2/2/17,8 Years,2/13/25,Pass,8893,6225,309
68d3dc07d910b6e73ca387b9,15053,VAV-15-EAST-04,3015005,Active,Other Mech. Equip,VAV - Variable Air Volume Box,Average,Trox,Tvb-a-ssp/7/0/fi//,N/A,N/A,N/A,0.0,Lvl 15,East internal,Landlord,15-25 Yrs,Contracted,2/2/17,8 Years,2/13/25,Pass,7141,4999,310
68d3dc07d910b6e73ca387b9,15054,VAV-15-EAST-05,3015004,Active,Other Mech. Equip,VAV - Variable Air Volume Box,Average,Trox,Tvb-a-ssp/7/0/fi//,N/A,N/A,N/A,0.0,Lvl 15,East internal,Landlord,15-25 Yrs,Contracted,2/2/17,8 Years,2/13/25,Pass,9317,6522,311
68d3dc07d910b6e73ca387b9,15055,VAV-15-EAST-06,3015003,Active,Other Mech. Equip,VAV - Variable Air Volume Box,Average,Trox,Tvb-a-ssp/7/0/fi//,N/A,N/A,N/A,0.0,Lvl 15,East internal,Landlord,15-25 Yrs,Contracted,2/2/17,8 Years,2/13/25,Pass,9364,6555,312
68d3dc07d910b6e73ca387b9,15056,VAV-15-EAST-07,3015002,Active,Other Mech. Equip,VAV - Variable Air Volume Box,Average,Trox,Tvb-a-ssp/7/0/fi//,N/A,N/A,N/A,0.0,Lvl 15,East perimeter,Landlord,15-25 Yrs,Contracted,2/2/17,8 Years,2/13/25,Pass,5501,3851,313
68d3dc07d910b6e73ca387b9,15057,VAV-15-EAST-08,3015001,Active,Other Mech. Equip,VAV - Variable Air Volume Box,Average,Trox,Tvb-a-ssp/7/0/fi//,N/A,N/A,N/A,0.0,Lvl 15,East internal,Landlord,15-25 Yrs,Contracted,2/2/17,8 Years,2/13/25,Pass,3633,2543,314
68d3dc07d910b6e73ca387b9,15058,VAV-16-WEST-01,3015032,Active,Other Mech. Equip,VAV - Variable Air Volume Box,Average,Trox,Tvb-a-ssp/7/0/fi//,N/A,N/A,N/A,0.0,Lvl 15,West perimeter,Landlord,15-25 Yrs,Contracted,2/2/17,8 Years,2/13/25,Pass,8156,5709,315
68d3dc07d910b6e73ca387b9,15059,VAV-16-WEST-02,3015031,Active,Other Mech. Equip,VAV - Variable Air Volume Box,Average,Trox,Tvb-a-ssp/7/0/fi//,N/A,N/A,N/A,0.0,Lvl 16,West perimeter,Landlord,15-25 Yrs,Contracted,2/2/17,8 Years,2/13/25,Pass,9693,6785,316
68d3dc07d910b6e73ca387b9,15060,VAV-16-WEST-03,3015030,Active,Other Mech. Equip,VAV - Variable Air Volume Box,Average,Trox,Tvb-a-ssp/7/0/fi//,N/A,N/A,N/A,0.0,Lvl 16,West internal,Landlord,15-25 Yrs,Contracted,2/2/17,8 Years,2/13/25,Pass,4767,3337,317
68d3dc07d910b6e73ca387b9,15061,VAV-16-WEST-04,3015029,Active,Other Mech. Equip,VAV - Variable Air Volume Box,Average,Trox,Tvb-a-ssp/7/0/fi//,N/A,N/A,N/A,0.0,Lvl 16,West internal,Landlord,15-25 Yrs,Contracted,2/2/17,8 Years,2/13/25,Pass,4037,2826,318
68d3dc07d910b6e73ca387b9,15062,VAV-16-WEST-05,3015028,Active,Other Mech. Equip,VAV - Variable Air Volume Box,Average,Trox,Tvb-a-ssp/7/0/fi//,N/A,N/A,N/A,0.0,Lvl 16,West internal,Landlord,15-25 Yrs,Contracted,2/2/17,8 Years,2/13/25,Pass,3681,2577,319
68d3dc07d910b6e73ca387b9,15063,VAV-16-WEST-06,3015027,Active,Other Mech. Equip,VAV - Variable Air Volume Box,Average,Trox,Tvb-a-ssp/7/0/fi//,N/A,N/A,N/A,0.0,Lvl 16,West internal,Landlord,15-25 Yrs,Contracted,2/2/17,8 Years,2/13/25,Pass,4952,3466,320
68d3dc07d910b6e73ca387b9,15064,VAV-16-WEST-07,3015026,Active,Other Mech. Equip,VAV - Variable Air Volume Box,Average,Trox,Tvb-a-ssp/7/0/fi//,N/A,N/A,N/A,0.0,Lvl 16,West perimeter,Landlord,15-25 Yrs,Contracted,2/2/17,8 Years,2/13/25,Pass,2822,1975,321
68d3dc07d910b6e73ca387b9,15065,VAV-16-WEST-08,3015025,Active,Other Mech. Equip,VAV - Variable Air Volume Box,Average,Trox,Tvb-a-ssp/7/0/fi//,N/A,N/A,N/A,0.0,Lvl 16,West perimeter,Landlord,15-25 Yrs,Contracted,2/2/17,8 Years,2/13/25,Pass,1463,1024,322
68d3dc07d910b6e73ca387b9,15066,VAV-16-EAST-01,3015024,Active,Other Mech. Equip,VAV - Variable Air Volume Box,Average,Trox,Tvb-a-ssp/7/0/fi//,N/A,N/A,N/A,0.0,Lvl 16,East perimeter,Landlord,15-25 Yrs,Contracted,2/2/17,8 Years,2/13/25,Pass,6487,4541,323
68d3dc07d910b6e73ca387b9,15067,VAV-16-EAST-02,3015023,Active,Other Mech. Equip,VAV - Variable Air Volume Box,Average,Trox,Tvb-a-ssp/7/0/fi//,N/A,N/A,N/A,0.0,Lvl 16,East perimeter,Landlord,15-25 Yrs,Contracted,2/2/17,8 Years,2/13/25,Pass,8375,5863,324
68d3dc07d910b6e73ca387b9,15068,VAV-16-EAST-03,3015022,Active,Other Mech. Equip,VAV - Variable Air Volume Box,Average,Trox,Tvb-a-ssp/7/0/fi//,N/A,N/A,N/A,0.0,Lvl 16,East internal,Landlord,15-25 Yrs,Contracted,2/2/17,8 Years,2/13/25,Pass,6821,4775,325
68d3dc07d910b6e73ca387b9,15069,VAV-16-EAST-04,3015021,Active,Other Mech. Equip,VAV - Variable Air Volume Box,Average,Trox,Tvb-a-ssp/7/0/fi//,N/A,N/A,N/A,0.0,Lvl 16,East internal,Landlord,15-25 Yrs,Contracted,2/2/17,8 Years,2/13/25,Pass,1431,1002,326
68d3dc07d910b6e73ca387b9,15070,VAV-16-EAST-05,3015020,Active,Other Mech. Equip,VAV - Variable Air Volume Box,Average,Trox,Tvb-a-ssp/7/0/fi//,N/A,N/A,N/A,0.0,Lvl 16,East internal,Landlord,15-25 Yrs,Contracted,2/2/17,8 Years,2/13/25,Pass,6564,4595,327
68d3dc07d910b6e73ca387b9,15071,VAV-16-EAST-06,3015019,Active,Other Mech. Equip,VAV - Variable Air Volume Box,Average,Trox,Tvb-a-ssp/7/0/fi//,N/A,N/A,N/A,0.0,Lvl 16,East internal,Landlord,15-25 Yrs,Contracted,2/2/17,8 Years,2/13/25,Pass,1264,885,328
68d3dc07d910b6e73ca387b9,15072,VAV-16-EAST-07,3015018,Active,Other Mech. Equip,VAV - Variable Air Volume Box,Average,Trox,Tvb-a-ssp/7/0/fi//,N/A,N/A,N/A,0.0,Lvl 16,East perimeter,Landlord,15-25 Yrs,Contracted,2/2/17,8 Years,2/13/25,Pass,1325,928,329
68d3dc07d910b6e73ca387b9,15073,VAV-16-EAST-08,3015017,Active,Other Mech. Equip,VAV - Variable Air Volume Box,Average,Trox,Tvb-a-ssp/7/0/fi//,N/A,N/A,N/A,0.0,Lvl 16,East internal,Landlord,15-25 Yrs,Contracted,2/2/17,8 Years,2/13/25,Pass,7708,5396,330
68d3dc07d910b6e73ca387b9,15074,VAV-17-WEST-01,3015048,Active,Other Mech. Equip,VAV - Variable Air Volume Box,Average,Trox,Tvb-a-ssp/7/0/fi//,N/A,N/A,N/A,0.0,Lvl 16,West perimeter,Landlord,15-25 Yrs,Contracted,2/2/17,8 Years,2/13/25,Pass,5803,4062,331
68d3dc07d910b6e73ca387b9,15075,VAV-17-WEST-02,3015047,Active,Other Mech. Equip,VAV - Variable Air Volume Box,Average,Trox,Tvb-a-ssp/7/0/fi//,N/A,N/A,N/A,0.0,Lvl 17,West perimeter,Landlord,15-25 Yrs,Contracted,2/2/17,8 Years,2/13/25,Pass,1219,853,332
68d3dc07d910b6e73ca387b9,15076,VAV-17-WEST-03,3015046,Active,Other Mech. Equip,VAV - Variable Air Volume Box,Average,Trox,Tvb-a-ssp/7/0/fi//,N/A,N/A,N/A,0.0,Lvl 17,West internal,Landlord,15-25 Yrs,Contracted,2/2/17,8 Years,2/13/25,Pass,7021,4915,333
68d3dc07d910b6e73ca387b9,15077,VAV-17-WEST-04,3015045,Active,Other Mech. Equip,VAV - Variable Air Volume Box,Average,Trox,Tvb-a-ssp/7/0/fi//,N/A,N/A,N/A,0.0,Lvl 17,West internal,Landlord,15-25 Yrs,Contracted,2/2/17,8 Years,2/13/25,Pass,3922,2745,334
68d3dc07d910b6e73ca387b9,15078,VAV-17-WEST-05,3015044,Active,Other Mech. Equip,VAV - Variable Air Volume Box,Average,Trox,Tvb-a-ssp/7/0/fi//,N/A,N/A,N/A,0.0,Lvl 17,West internal,Landlord,15-25 Yrs,Contracted,2/2/17,8 Years,2/13/25,Pass,7299,5109,335
68d3dc07d910b6e73ca387b9,15079,VAV-17-WEST-06,3015043,Active,Other Mech. Equip,VAV - Variable Air Volume Box,Average,Trox,Tvb-a-ssp/7/0/fi//,N/A,N/A,N/A,0.0,Lvl 17,West internal,Landlord,15-25 Yrs,Contracted,2/2/17,8 Years,2/13/25,Pass,6327,4429,336
68d3dc07d910b6e73ca387b9,15080,VAV-17-WEST-07,3015042,Active,Other Mech. Equip,VAV - Variable Air Volume Box,Average,Trox,Tvb-a-ssp/7/0/fi//,N/A,N/A,N/A,0.0,Lvl 17,West perimeter,Landlord,15-25 Yrs,Contracted,2/2/17,8 Years,2/13/25,Pass,4847,3393,337
68d3dc07d910b6e73ca387b9,15081,VAV-17-WEST-08,3015041,Active,Other Mech. Equip,VAV - Variable Air Volume Box,Average,Trox,Tvb-a-ssp/7/0/fi//,N/A,N/A,N/A,0.0,Lvl 17,West perimeter,Landlord,15-25 Yrs,Contracted,2/2/17,8 Years,2/13/25,Pass,2971,2080,338
68d3dc07d910b6e73ca387b9,15082,VAV-17-EAST-01,3015040,Active,Other Mech. Equip,VAV - Variable Air Volume Box,Average,Trox,Tvb-a-ssp/7/0/fi//,N/A,N/A,N/A,0.0,Lvl 17,East perimeter,Landlord,15-25 Yrs,Contracted,2/2/17,8 Years,2/13/25,Pass,4074,2852,339
68d3dc07d910b6e73ca387b9,15083,VAV-17-EAST-02,3015039,Active,Other Mech. Equip,VAV - Variable Air Volume Box,Average,Trox,Tvb-a-ssp/7/0/fi//,N/A,N/A,N/A,0.0,Lvl 17,East perimeter,Landlord,15-25 Yrs,Contracted,2/2/17,8 Years,2/13/25,Pass,6402,4481,340
68d3dc07d910b6e73ca387b9,15084,VAV-17-EAST-03,3015038,Active,Other Mech. Equip,VAV - Variable Air Volume Box,Average,Trox,Tvb-a-ssp/7/0/fi//,N/A,N/A,N/A,0.0,Lvl 17,East internal,Landlord,15-25 Yrs,Contracted,2/2/17,8 Years,2/13/25,Pass,6890,4823,341
68d3dc07d910b6e73ca387b9,15085,VAV-17-EAST-04,3015037,Active,Other Mech. Equip,VAV - Variable Air Volume Box,Average,Trox,Tvb-a-ssp/7/0/fi//,N/A,N/A,N/A,0.0,Lvl 17,East internal,Landlord,15-25 Yrs,Contracted,2/2/17,8 Years,2/13/25,Pass,8180,5726,342
68d3dc07d910b6e73ca387b9,15086,VAV-17-EAST-05,3015036,Active,Other Mech. Equip,VAV - Variable Air Volume Box,Average,Trox,Tvb-a-ssp/7/0/fi//,N/A,N/A,N/A,0.0,Lvl 17,East internal,Landlord,15-25 Yrs,Contracted,2/2/17,8 Years,2/13/25,Pass,1566,1096,343
68d3dc07d910b6e73ca387b9,15087,VAV-17-EAST-06,3015035,Active,Other Mech. Equip,VAV - Variable Air Volume Box,Average,Trox,Tvb-a-ssp/7/0/fi//,N/A,N/A,N/A,0.0,Lvl 17,East internal,Landlord,15-25 Yrs,Contracted,2/2/17,8 Years,2/13/25,Pass,5902,4131,344
68d3dc07d910b6e73ca387b9,15088,VAV-17-EAST-07,3015034,Active,Other Mech. Equip,VAV - Variable Air Volume Box,Average,Trox,Tvb-a-ssp/7/0/fi//,N/A,N/A,N/A,0.0,Lvl 17,East perimeter,Landlord,15-25 Yrs,Contracted,2/2/17,8 Years,2/13/25,Pass,2578,1805,345
68d3dc07d910b6e73ca387b9,15089,VAV-17-EAST-08,3015033,Active,Other Mech. Equip,VAV - Variable Air Volume Box,Average,Trox,Tvb-a-ssp/7/0/fi//,N/A,N/A,N/A,0.0,Lvl 17,East internal,Landlord,15-25 Yrs,Contracted,2/2/17,8 Years,2/13/25,Pass,9224,6457,346
68d3dc07d910b6e73ca387b9,15090,VAV-18-WEST-01,3018016,Active,Other Mech. Equip,VAV - Variable Air Volume Box,Average,Trox,Tvb-a-ssp/7/0/fi//,N/A,N/A,N/A,0.0,Lvl 17,West perimeter,Landlord,15-25 Yrs,Contracted,2/2/17,8 Years,2/13/25,Pass,4297,3008,347
68d3dc07d910b6e73ca387b9,15091,VAV-18-WEST-02,3018015,Active,Other Mech. Equip,VAV - Variable Air Volume Box,Average,Trox,Tvb-a-ssp/7/0/fi//,N/A,N/A,N/A,0.0,Lvl 18,West perimeter,Landlord,15-25 Yrs,Contracted,2/2/17,8 Years,2/13/25,Pass,5918,4143,348
68d3dc07d910b6e73ca387b9,15092,VAV-18-WEST-03,3018014,Active,Other Mech. Equip,VAV - Variable Air Volume Box,Average,Trox,Tvb-a-ssp/7/0/fi//,N/A,N/A,N/A,0.0,Lvl 18,West internal,Landlord,15-25 Yrs,Contracted,2/2/17,8 Years,2/13/25,Pass,3661,2563,349
68d3dc07d910b6e73ca387b9,15093,VAV-18-WEST-04,3018013,Active,Other Mech. Equip,VAV - Variable Air Volume Box,Average,Trox,Tvb-a-ssp/7/0/fi//,N/A,N/A,N/A,0.0,Lvl 18,West internal,Landlord,15-25 Yrs,Contracted,2/2/17,8 Years,2/13/25,Pass,7483,5238,350
68d3dc07d910b6e73ca387b9,15094,VAV-18-WEST-05,3018012,Active,Other Mech. Equip,VAV - Variable Air Volume Box,Average,Trox,Tvb-a-ssp/7/0/fi//,N/A,N/A,N/A,0.0,Lvl 18,West internal,Landlord,15-25 Yrs,Contracted,2/2/17,8 Years,2/13/25,Pass,2367,1657,351
68d3dc07d910b6e73ca387b9,15095,VAV-18-WEST-06,3018011,Active,Other Mech. Equip,VAV - Variable Air Volume Box,Average,Trox,Tvb-a-ssp/7/0/fi//,N/A,N/A,N/A,0.0,Lvl 18,West internal,Landlord,15-25 Yrs,Contracted,2/2/17,8 Years,2/13/25,Pass,6268,4388,352
68d3dc07d910b6e73ca387b9,15096,VAV-18-WEST-07,3018010,Active,Other Mech. Equip,VAV - Variable Air Volume Box,Average,Trox,Tvb-a-ssp/7/0/fi//,N/A,N/A,N/A,0.0,Lvl 18,West perimeter,Landlord,15-25 Yrs,Contracted,2/2/17,8 Years,2/13/25,Pass,5314,3720,353
68d3dc07d910b6e73ca387b9,15097,VAV-18-WEST-08,3018009,Active,Other Mech. Equip,VAV - Variable Air Volume Box,Average,Trox,Tvb-a-ssp/7/0/fi//,N/A,N/A,N/A,0.0,Lvl 18,West perimeter,Landlord,15-25 Yrs,Contracted,2/2/17,8 Years,2/13/25,Pass,7225,5058,354
68d3dc07d910b6e73ca387b9,15098,VAV-18-EAST-01,3018008,Active,Other Mech. Equip,VAV - Variable Air Volume Box,Average,Trox,Tvb-a-ssp/7/0/fi//,N/A,N/A,N/A,0.0,Lvl 18,East perimeter,Landlord,15-25 Yrs,Contracted,2/2/17,8 Years,2/13/25,Pass,7841,5489,355
68d3dc07d910b6e73ca387b9,15099,VAV-18-EAST-02,3018007,Active,Other Mech. Equip,VAV - Variable Air Volume Box,Average,Trox,Tvb-a-ssp/7/0/fi//,N/A,N/A,N/A,0.0,Lvl 18,East perimeter,Landlord,15-25 Yrs,Contracted,2/2/17,8 Years,2/13/25,Pass,3397,2378,356
68d3dc07d910b6e73ca387b9,15100,VAV-18-EAST-03,3018006,Active,Other Mech. Equip,VAV - Variable Air Volume Box,Average,Trox,Tvb-a-ssp/7/0/fi//,N/A,N/A,N/A,0.0,Lvl 18,East internal,Landlord,15-25 Yrs,Contracted,2/2/17,8 Years,2/13/25,Pass,5648,3954,357
68d3dc07d910b6e73ca387b9,15101,VAV-18-EAST-04,3018005,Active,Other Mech. Equip,VAV - Variable Air Volume Box,Average,Trox,Tvb-a-ssp/7/0/fi//,N/A,N/A,N/A,0.0,Lvl 18,East internal,Landlord,15-25 Yrs,Contracted,2/2/17,8 Years,2/13/25,Pass,8414,5890,358
68d3dc07d910b6e73ca387b9,15102,VAV-18-EAST-05,3018004,Active,Other Mech. Equip,VAV - Variable Air Volume Box,Average,Trox,Tvb-a-ssp/7/0/fi//,N/A,N/A,N/A,0.0,Lvl 18,East internal,Landlord,15-25 Yrs,Contracted,2/2/17,8 Years,2/13/25,Pass,8777,6144,359
68d3dc07d910b6e73ca387b9,15103,VAV-18-EAST-06,3018003,Active,Other Mech. Equip,VAV - Variable Air Volume Box,Average,Trox,Tvb-a-ssp/7/0/fi//,N/A,N/A,N/A,0.0,Lvl 18,East internal,Landlord,15-25 Yrs,Contracted,2/2/17,8 Years,2/13/25,Pass,4427,3099,360
68d3dc07d910b6e73ca387b9,15104,VAV-18-EAST-07,3018002,Active,Other Mech. Equip,VAV - Variable Air Volume Box,Average,Trox,Tvb-a-ssp/7/0/fi//,N/A,N/A,N/A,0.0,Lvl 18,East perimeter,Landlord,15-25 Yrs,Contracted,2/2/17,8 Years,2/13/25,Pass,1041,729,361
68d3dc07d910b6e73ca387b9,15105,VAV-18-EAST-08,3018001,Active,Other Mech. Equip,VAV - Variable Air Volume Box,Average,Trox,Tvb-a-ssp/7/0/fi//,N/A,N/A,N/A,0.0,Lvl 18,East internal,Landlord,15-25 Yrs,Contracted,2/2/17,8 Years,2/13/25,Pass,5051,3536,362
68d3dc07d910b6e73ca387b9,15106,VAV-19-WEST-01,3018018,Active,Other Mech. Equip,VAV - Variable Air Volume Box,Average,Trox,Tvb-a-ssp/7/0/fi//,N/A,N/A,N/A,0.0,Lvl 18,FCU 19,Landlord,15-25 Yrs,Contracted,2/2/17,8 Years,2/13/25,Pass,6358,4451,363
68d3dc07d910b6e73ca387b9,15107,VAV-19-WEST-02,3018019,Active,Other Mech. Equip,VAV - Variable Air Volume Box,Average,Trox,Tvb-a-ssp/7/0/fi//,N/A,N/A,N/A,0.0,Lvl 19,FCU 19,Landlord,15-25 Yrs,Contracted,2/2/17,8 Years,2/13/25,Pass,5183,3628,364
68d3dc07d910b6e73ca387b9,16433,Chiller 4 (Front Building),,Active,Chiller System,Chiller - Air Cooled,Good,York,n/a,50531G97600665,HFC-R410A,12.5,0.0,Plaza,Plaza level through storage room 29,Landlord,20-30 Yrs,Contracted,5/1/19,6 Years,4/10/25,Pass,2390,1673,365
68d3dc07d910b6e73ca387b9,20092,FD6.1west,,Active,Damper,Damper - Fire,Good,NA,n/a,N/A,N/A,N/A,0.0,Lvl 06,Level 6 return air west,Landlord,20-25 Yrs,Contracted,2/2/17,8 Years,5/8/24,Pass,6398,4479,366
68d3dc07d910b6e73ca387b9,20093,FD6.2 west,,Active,Damper,Damper - Fire,Good,Airwise engineering,n/a,N/A,N/A,N/A,0.0,Lvl 06,Level 6 supply air,Landlord,20-25 Yrs,Contracted,2/2/17,8 Years,5/8/24,Pass,8665,6066,367
68d3dc07d910b6e73ca387b9,20094,FD6.3 west,,Active,Damper,Damper - Fire,Good,Airwise engineering,n/a,N/A,N/A,N/A,0.0,Lvl 06,Level 6 supply air,Lamdlord,20-25 Yrs,Contracted,2/2/17,8 Years,5/8/24,Pass,5994,4196,368
68d3dc07d910b6e73ca387b9,20095,FD6.4 west,,Active,Damper,Damper - Fire,Good,Airwise engineering,n/a,N/A,N/A,N/A,0.0,Lvl 06,Level 6 return air,Landlord,20-25 Yrs,Contracted,2/2/17,8 Years,5/8/24,Pass,5244,3671,369
68d3dc07d910b6e73ca387b9,20096,FD6.5 east,,Active,Damper,Damper - Fire,Good,Airwise engineering,Na,N/A,N/A,N/A,0.0,Lvl 06,Level 6 east supply duct,Landlord,20-25 Yrs,Contracted,2/2/17,8 Years,5/8/24,Pass,6328,4430,370
68d3dc07d910b6e73ca387b9,20098,FD6.6 east,,Active,Damper,Damper - Fire,Good,Airwise engineering,Na,N/A,N/A,N/A,0.0,Lvl 06,Level 6 east return duct,Landlord,20-25 Yrs,Contracted,2/2/17,8 Years,5/8/24,Pass,9851,6896,371
68d3dc07d910b6e73ca387b9,20099,FD6.7 east,,Active,Damper,Damper - Fire,Good,Airwise engineering,Na,N/A,N/A,N/A,0.0,Lvl 06,Level 6 east,Landlord,20-25 Yrs,Contracted,2/2/17,8 Years,5/8/24,Pass,4493,3145,372
68d3dc07d910b6e73ca387b9,20100,FD6.8 east,,Active,Damper,Damper - Fire,Good,Airwise engineering,Na,N/A,N/A,N/A,0.0,Lvl 06,Level 6 east,Landlord,20-25 Yrs,Contracted,2/2/17,8 Years,5/8/24,Pass,4836,3385,373
68d3dc07d910b6e73ca387b9,20101,FD6.9 east,,Active,Damper,Damper - Fire,Poor,Airwise engineering,Na,N/A,N/A,N/A,0.0,Lvl 06,Level 6 east,Landlord,20-25 Yrs,Contracted,1/1/92,33 Years,5/8/24,Pass,2863,2004,374
68d3dc07d910b6e73ca387b9,20132,Cooling tower 1,,Active,Chiller System,Cooling Towers,Poor,B.A.C. baltimore aircoil,RCT2388,06J0739,R718 - Water,N/A,0.0,Lvl 19,Level 19 cooling tower area,Landlord,10-15 Yrs,Contracted,1/1/92,33 Years,4/4/25,Pass,7553,5287,375
68d3dc07d910b6e73ca387b9,20133,Cooling tower 2,,Active,Chiller System,Cooling Towers,Poor,B.A.C. baltimore aircoil,RCT2388,06J0740,R718 - Water,N/A,0.0,Lvl 19,Level 19 cooling tower area,Landlord,15-20 Yrs,Contracted,1/1/92,33 Years,4/4/25,Pass,1215,851,376
68d3dc07d910b6e73ca387b9,20134,Cooling tower 3,,Active,Chiller System,Cooling Towers,Poor,B.A.C. Baltimore aircoil,n/a,06J0338,R718 - Water,N/A,0.0,Lvl 19,Level 19 cooling tower area,Landlord,15-20 Yrs,Contracted,1/1/90,35 Years,4/4/25,Pass,6932,4852,377
68d3dc07d910b6e73ca387b9,20921,Meat&eat display,,Active,Refrigeration,Cabinet,Average,N/a,N/a,N/a,HFC-R404A,TBC,TBC,Plaza,Meat and eat outdoor in carpark,TBC,2-5 Yrs,Not Contracted,1/1/01,24 Years,10/20/21,Pass,7549,5284,378
68d3dc07d910b6e73ca387b9,21778,water treatment plant,,Active,Chemical Treatment,Water Treatment - Condenser Water,Good,water treatment,water treatment,n/a,R718 - Water,n/a,n/a,Roof,cooling tower compound,landlord,TBC,Contracted,2/6/18,7 Years,1/20/25,Pass,8943,6260,379
68d3dc07d910b6e73ca387b9,24578,CWP 7,,Active,Air Con,Pump - Condenser Water,Average,Grundfos,B99401707p119380001,N/A,N/A,N/A,TBC,Lvl 19,Level 19 plant,Landlord,20-25 Yrs,Contracted,,TBC,4/4/25,Pass,3872,2710,380
68d3dc07d910b6e73ca387b9,30797,Ahu east internal,,Active,TBC,TBC,Other,TBC,TBC,TBC,TBC,TBC,TBC,Lvl 19,Plant room,TBC,TBC,TBC,,TBC,3/20/23,Pass,9330,6531,381
68d3dc07d910b6e73ca387b9,30798,Ahu east external,,Active,TBC,TBC,Other,TBC,TBC,TBC,TBC,TBC,TBC,Lvl 19,Plant room,TBC,TBC,TBC,,TBC,3/20/23,Pass,7223,5056,382
68d3dc07d910b6e73ca387b9,30799,Ahu west internal,,Active,TBC,TBC,Other,TBC,TBC,TBC,TBC,TBC,TBC,Lvl 19,Plant room,TBC,TBC,TBC,,TBC,3/20/23,Pass,3547,2483,383
68d3dc07d910b6e73ca387b9,30800,Ahu west external,,Active,TBC,TBC,Other,TBC,TBC,TBC,TBC,TBC,TBC,Lvl 19,Plant room,TBC,TBC,TBC,,TBC,3/20/23,Pass,8033,5623,384
68d3dc07d910b6e73ca387b9,34123,A/C 13-E-01,,Active,Air Con,VRF - Variable Refrigerant CU,Average,Toshiba,AP0361BH,TBC,HFC-R410A,TBC,TBC,Lvl 13,Board room,TBC,8-12 Yrs,Not Contracted,,TBC,9/27/23,Pass,8142,5699,385
68d3dc07d910b6e73ca387b9,34124,A/C-13-W-01,,Active,Air Con,VRF - Variable Refrigerant CU,Average,Toshiba,AP0361BH,TBC,HFC-R410A,TBC,TBC,Lvl 13,Comms room,TBC,8-12 Yrs,Not Contracted,,TBC,9/27/23,Pass,4414,3090,386
68d3dc07d910b6e73ca387b9,34125,WCPU-11-W-01,,Active,Air Con,Package Unit - Water Cooled,Average,Temperzone,HWP79RKS,TBC,HFC-R410A,TBC,TBC,Lvl 12,Board room,TBC,7-10 Yrs,Not Contracted,,TBC,9/27/23,Fail,2639,1847,387
68d3dc07d910b6e73ca387b9,34126,A/C-E-11-01,,Active,Air Con,VRF - Variable Refrigerant CU,Average,Daikin,FDXY145MVA1,TBC,HFC-R410A,TBC,TBC,Lvl 11,Board room,TBC,8-12 Yrs,Not Contracted,,TBC,9/27/23,Pass,4420,3094,388
68d3dc07d910b6e73ca387b9,34127,A/C-E-11-02,,Active,Air Con,VRF - Variable Refrigerant CU,Average,Daikin,FXDYQ145MAV1,TBC,HFC-R410A,TBC,TBC,Lvl 11,Lunch room,TBC,8-12 Yrs,Not Contracted,,TBC,9/27/23,Pass,9501,6651,389
68d3dc07d910b6e73ca387b9,34128,A/C-E-10-01,,Active,Air Con,VRF - Variable Refrigerant CU,Average,Daikin,FXMQ63PVE,TBC,HFC-R410A,TBC,TBC,Lvl 10,Comms,TBC,8-12 Yrs,Not Contracted,,TBC,9/27/23,Pass,1108,776,390
68d3dc07d910b6e73ca387b9,34129,WCPU-W-10-01,,Active,Air Con,Package Unit - Water Cooled,Average,Temperzone,HWP48TKS,TBC,HFC-R410A,TBC,TBC,Lvl 10,Board room,TBC,7-10 Yrs,Not Contracted,,TBC,9/27/23,Pass,7307,5115,391
68d3dc07d910b6e73ca387b9,34130,WCPU-W-10-02,,Active,Air Con,Package Unit - Water Cooled,Average,Temperzone,HWP38RKS,TBC,HFC-R410A,TBC,TBC,Lvl 10,Comms,TBC,7-10 Yrs,Not Contracted,,TBC,3/20/25,Pass,7923,5546,392
68d3dc07d910b6e73ca387b9,34131,WCPU-W-8-01,,Active,Air Con,Package Unit - Water Cooled,Good,Temperzone,HWP 79 RKS,TBC,HFC-R410A,TBC,TBC,Lvl 08,Board room,TBC,7-10 Yrs,Not Contracted,,TBC,9/19/24,Pass,3117,2182,393
68d3dc07d910b6e73ca387b9,34132,WCPU-W-8-02,,Active,Air Con,Package Unit - Water Cooled,Good,Temperzone,HWP118RKT-S2,TBC,HFC-R410A,TBC,TBC,Lvl 08,Open area,TBC,7-10 Yrs,Not Contracted,,TBC,9/27/23,Pass,4474,3132,394
68d3dc07d910b6e73ca387b9,34133,WCPU-E-8-01,,Active,Air Con,Package Unit - Water Cooled,Poor,Temperzone,HWPRKSN,TBC,N/A,TBC,TBC,Lvl 08,Board room,TBC,7-10 Yrs,Not Contracted,,TBC,9/27/23,Pass,3051,2136,395
68d3dc07d910b6e73ca387b9,34134,A/C-W-7-01,,Active,TBC,TBC,Other,Toshiba,TBC,TBC,HFC-R410A,TBC,TBC,Lvl 07,Board room,TBC,TBC,TBC,,TBC,9/27/23,Pass,6985,4890,396
68d3dc07d910b6e73ca387b9,34135,A/C-W-7-02,,Active,TBC,TBC,Other,Toshiba,TBC,TBC,TBC,TBC,TBC,Lvl 07,Comms room,TBC,TBC,TBC,,TBC,9/27/23,Pass,3985,2790,397
68d3dc07d910b6e73ca387b9,34136,A/C-W-7-03,,Active,TBC,TBC,Other,Toshiba,TBC,TBC,TBC,TBC,TBC,Lvl 07,Comms room,TBC,TBC,TBC,,TBC,9/27/23,Pass,5624,3937,398
68d3dc07d910b6e73ca387b9,34137,A/C-E-7-01,,Active,TBC,TBC,Other,Toshiba,TBC,TBC,TBC,TBC,TBC,Lvl 07,Board room,TBC,TBC,TBC,,TBC,9/27/23,Pass,5629,3940,399
68d3dc07d910b6e73ca387b9,34138,WCPU-W-6-01,,Active,TBC,TBC,Other,Temperzone,HWP48RKS,TBC,TBC,TBC,TBC,Lvl 06,Board room,TBC,TBC,TBC,,TBC,9/27/23,Pass,9385,6570,400
68d3dc07d910b6e73ca387b9,34139,WCPU-E-5-01,,Active,Air Con,Package Unit - Water Cooled,Average,Temperzone,HWP48RKS,TBC,TBC,TBC,TBC,Lvl 05,Board room,TBC,7-10 Yrs,Not Contracted,,TBC,9/27/23,Pass,7809,5466,401
68d3dc07d910b6e73ca387b9,34140,WCPU-W-5-01,,Active,TBC,TBC,Other,Trmperzone,HWP48RKS,TBC,TBC,TBC,TBC,Lvl 05,Bpatd room,TBC,TBC,TBC,,TBC,9/27/23,Pass,2173,1521,402